repository,project,issues,resolved,unresolved,resolved_rate,censoring_rate
Apache,TOREE,528,411,117,0.7784090909090909,0.2215909090909091
Apache,XALANJ,954,697,257,0.7306079664570231,0.2693920335429769
Apache,VELOCITYSB,9,9,0,1.0,0.0
Apache,JSIEVE,115,100,15,0.8695652173913043,0.13043478260869565
Apache,ACE,539,492,47,0.9128014842300557,0.08719851576994433
Apache,WODEN,243,186,57,0.7654320987654321,0.2345679012345679
Apache,SEDONA,76,52,24,0.6842105263157895,0.3157894736842105
Apache,NUMBERS,179,155,24,0.8659217877094972,0.1340782122905028
Apache,TREQ,21,18,3,0.8571428571428571,0.14285714285714285
Apache,WADI,11,1,10,0.09090909090909091,0.9090909090909091
Apache,LIBCLOUD,1045,593,452,0.5674641148325359,0.4325358851674641
Apache,GEOMETRY,130,122,8,0.9384615384615385,0.06153846153846154
Apache,VELTOOLS,192,185,7,0.9635416666666666,0.036458333333333336
Apache,MRESOLVER,228,197,31,0.8640350877192983,0.13596491228070176
Apache,MJMOD,27,20,7,0.7407407407407407,0.25925925925925924
Apache,TEZ,4347,3259,1088,0.7497124453646192,0.2502875546353807
Apache,THRIFT,5490,4686,804,0.853551912568306,0.146448087431694
Apache,JDO,798,756,42,0.9473684210526315,0.05263157894736842
Apache,INFRA,15777,15663,114,0.9927742916904354,0.007225708309564556
Apache,CB,14007,12862,1145,0.9182551581352181,0.0817448418647819
Apache,TILESSHARED,21,18,3,0.8571428571428571,0.14285714285714285
Apache,FUNCTOR,31,28,3,0.9032258064516129,0.0967741935483871
Apache,HIVEMALL,317,252,65,0.7949526813880127,0.20504731861198738
Apache,GOSSIP,101,74,27,0.7326732673267327,0.26732673267326734
Apache,OMID,217,167,50,0.7695852534562212,0.2304147465437788
Apache,OPENAZ,24,4,20,0.16666666666666666,0.8333333333333334
Apache,QPIDIT,138,97,41,0.7028985507246377,0.2971014492753623
Apache,DI,36,29,7,0.8055555555555556,0.19444444444444445
Apache,JXPATH,197,158,39,0.8020304568527918,0.19796954314720813
Apache,WAVE,446,337,109,0.7556053811659192,0.24439461883408073
Apache,OPENEJB,2046,1672,374,0.8172043010752689,0.1827956989247312
Apache,DAFFODIL,2577,2176,401,0.8443927046953822,0.15560729530461778
Apache,AMQNET,623,570,53,0.9149277688603531,0.08507223113964688
Apache,LANG,1641,1410,231,0.8592321755027422,0.14076782449725778
Apache,ASTERIXDB,2993,2122,871,0.7089876378215837,0.2910123621784163
Apache,SCXML,287,274,13,0.9547038327526133,0.04529616724738676
Apache,NUTCH,2909,2623,286,0.9016844276383637,0.0983155723616363
Apache,ATTIC,198,195,3,0.9848484848484849,0.015151515151515152
Apache,DORMANT,53,23,30,0.4339622641509434,0.5660377358490566
Apache,TSIK,2,1,1,0.5,0.5
Apache,DOXIATOOLS,56,53,3,0.9464285714285714,0.05357142857142857
Apache,EXTCDI,317,310,7,0.9779179810725552,0.022082018927444796
Apache,MODELER,32,24,8,0.75,0.25
Apache,DIR,226,215,11,0.9513274336283186,0.048672566371681415
Apache,JACOB,9,4,5,0.4444444444444444,0.5555555555555556
Apache,GERONIMO,782,752,30,0.9616368286445013,0.03836317135549872
Apache,DVSL,2,1,1,0.5,0.5
Apache,RESOURCES,41,34,7,0.8292682926829268,0.17073170731707318
Apache,CLKE,47,36,11,0.7659574468085106,0.23404255319148937
Apache,SAMZA,2714,1827,887,0.6731761238025056,0.3268238761974945
Apache,MARMOTTA,680,543,137,0.7985294117647059,0.20147058823529412
Apache,JS2,1354,1252,102,0.9246676514032496,0.07533234859675036
Apache,ANAKIA,69,2,67,0.028985507246376812,0.9710144927536232
Apache,OLIO,154,125,29,0.8116883116883117,0.18831168831168832
Apache,INFRATEST3,1,0,1,0.0,1.0
Apache,WSRP4J,109,70,39,0.6422018348623854,0.3577981651376147
Apache,FORTRESS,23,19,4,0.8260869565217391,0.17391304347826086
Apache,SMX4KNL,269,233,36,0.8661710037174721,0.13382899628252787
Apache,ZETACOMP,123,27,96,0.21951219512195122,0.7804878048780488
Apache,MINSTALL,166,154,12,0.927710843373494,0.07228915662650602
Apache,EXLBR,52,49,3,0.9423076923076923,0.057692307692307696
Apache,WEAVER,26,26,0,1.0,0.0
Apache,DATALAB,1858,1610,248,0.8665231431646933,0.13347685683530677
Apache,OFBIZ,12470,10955,1515,0.8785084202085004,0.1214915797914996
Apache,HUPA,117,81,36,0.6923076923076923,0.3076923076923077
Apache,TAP5,2696,2513,183,0.9321216617210683,0.06787833827893175
Apache,DRILL,8069,5378,2691,0.6665014252075846,0.3334985747924154
Apache,PROTON,2472,2108,364,0.8527508090614887,0.14724919093851133
Apache,PRIMITIVES,13,3,10,0.23076923076923078,0.7692307692307693
Apache,HELIX,857,528,329,0.6161026837806302,0.3838973162193699
Apache,VXQUERY,244,137,107,0.5614754098360656,0.4385245901639344
Apache,CLEREZZA,1069,799,270,0.7474275023386342,0.25257249766136575
Apache,PLUTO,792,776,16,0.9797979797979798,0.020202020202020204
Apache,BEAM,13597,9189,4408,0.6758108406266088,0.3241891593733912
Apache,MPLUGINTESTING,66,60,6,0.9090909090909091,0.09090909090909091
Apache,AMBARI,25384,23305,2079,0.9180980144973212,0.08190198550267885
Apache,OJB,144,108,36,0.75,0.25
Apache,KYLIN,4989,4370,619,0.8759270394868711,0.12407296051312888
Apache,DUBBO,78,18,60,0.23076923076923078,0.7692307692307693
Apache,MVERIFIER,36,31,5,0.8611111111111112,0.1388888888888889
Apache,SDAP,349,194,155,0.5558739255014327,0.44412607449856734
Apache,PIO,214,165,49,0.7710280373831776,0.22897196261682243
Apache,LOGCXX,530,513,17,0.9679245283018868,0.03207547169811321
Apache,IOTA,43,26,17,0.6046511627906976,0.3953488372093023
Apache,ARROW,15128,12866,2262,0.8504759386567954,0.14952406134320465
Apache,TST,58,52,6,0.896551724137931,0.10344827586206896
Apache,SAND,17,2,15,0.11764705882352941,0.8823529411764706
Apache,QPID,8465,7809,656,0.9225044300059067,0.07749556999409332
Apache,TRAFODION,3337,2528,809,0.7575666766556788,0.24243332334432124
Apache,PB,112,97,15,0.8660714285714286,0.13392857142857142
Apache,STEVE,55,13,42,0.23636363636363636,0.7636363636363637
Apache,LEGAL,582,565,17,0.9707903780068728,0.029209621993127148
Apache,SCIMPLE,91,45,46,0.4945054945054945,0.5054945054945055
Apache,CTAKES,556,346,210,0.6223021582733813,0.3776978417266187
Apache,NIFILIBS,4,2,2,0.5,0.5
Apache,ACCUMULO,4745,4496,249,0.9475237091675448,0.05247629083245522
Apache,MARTIFACT,28,23,5,0.8214285714285714,0.17857142857142858
Apache,VALIDATOR,480,468,12,0.975,0.025
Apache,NUTTX,9,1,8,0.1111111111111111,0.8888888888888888
Apache,KITTY,33,14,19,0.42424242424242425,0.5757575757575758
Apache,XMLCOMMONS,92,55,37,0.5978260869565217,0.40217391304347827
Apache,STREAMS,680,573,107,0.8426470588235294,0.15735294117647058
Apache,FOR,1251,842,409,0.6730615507593924,0.3269384492406075
Apache,JUNEAU,242,197,45,0.8140495867768595,0.1859504132231405
Apache,WSS,684,670,14,0.97953216374269,0.02046783625730994
Apache,JS1,569,458,111,0.804920913884007,0.19507908611599298
Apache,KARAF,7145,6540,605,0.9153254023792862,0.08467459762071379
Apache,INLONG,800,676,124,0.845,0.155
Apache,CONFIGURATION,805,705,100,0.8757763975155279,0.12422360248447205
Apache,JXR,159,155,4,0.9748427672955975,0.025157232704402517
Apache,RIVER,467,193,274,0.4132762312633833,0.5867237687366167
Apache,DORIS,1,0,1,0.0,1.0
Apache,RAMPARTC,159,118,41,0.7421383647798742,0.2578616352201258
Apache,GRIFFIN,366,267,99,0.7295081967213115,0.27049180327868855
Apache,ASFSITE,14,9,5,0.6428571428571429,0.35714285714285715
Apache,DIRSTUDIO,1277,1084,193,0.8488645262333594,0.15113547376664058
Apache,COMMONSRDF,78,59,19,0.7564102564102564,0.24358974358974358
Apache,CXF,8531,8083,448,0.9474856406048529,0.05251435939514711
Apache,DATAFU,161,153,8,0.9503105590062112,0.049689440993788817
Apache,TRANSPORTS,5,1,4,0.2,0.8
Apache,PHOTARK,96,67,29,0.6979166666666666,0.3020833333333333
Apache,CACTUS,275,180,95,0.6545454545454545,0.34545454545454546
Apache,BETWIXT,73,51,22,0.6986301369863014,0.3013698630136986
Apache,PORTLETBRIDGE,235,207,28,0.8808510638297873,0.11914893617021277
Apache,SUREFIRE,1958,1694,264,0.8651685393258427,0.1348314606741573
Apache,HIVEMIND,213,132,81,0.6197183098591549,0.38028169014084506
Apache,MEECROWAVE,306,303,3,0.9901960784313726,0.00980392156862745
Apache,RATIS,1467,1180,287,0.8043626448534424,0.1956373551465576
Apache,NEETHI,21,21,0,1.0,0.0
Apache,SUBMARINE,1171,1031,140,0.8804440649017934,0.11955593509820667
Apache,MARCHETYPES,63,58,5,0.9206349206349206,0.07936507936507936
Apache,SAMOA,83,57,26,0.6867469879518072,0.3132530120481928
Apache,XGC,125,98,27,0.784,0.216
Apache,TAJO,2183,1807,376,0.8277599633531837,0.1722400366468163
Apache,MARVIN,77,32,45,0.4155844155844156,0.5844155844155844
Apache,MSTAGE,26,20,6,0.7692307692307693,0.23076923076923078
Apache,DDLUTILS,289,167,122,0.5778546712802768,0.42214532871972316
Apache,TRINIDAD,2561,1859,702,0.7258883248730964,0.27411167512690354
Apache,DEPOT,2,0,2,0.0,1.0
Apache,SITE,22,13,9,0.5909090909090909,0.4090909090909091
Apache,ZOOKEEPER,4263,2805,1458,0.6579873328641802,0.34201266713581985
Apache,DIRECTMEMORY,139,92,47,0.6618705035971223,0.3381294964028777
Apache,NPANDAY,634,501,133,0.7902208201892744,0.20977917981072555
Apache,JCRSERVLET,6,2,4,0.3333333333333333,0.6666666666666666
Apache,MDEP,750,616,134,0.8213333333333334,0.17866666666666667
Apache,HARMONY,6676,5672,1004,0.8496105452366687,0.15038945476333135
Apache,DELTASPIKE,1390,1331,59,0.9575539568345324,0.04244604316546763
Apache,XMLBEANS,584,422,162,0.7226027397260274,0.2773972602739726
Apache,OLTU,216,189,27,0.875,0.125
Apache,OWB,1393,1357,36,0.9741564967695621,0.025843503230437905
Apache,COR,53,20,33,0.37735849056603776,0.6226415094339622
Apache,TAMAYA,414,379,35,0.9154589371980676,0.08454106280193237
Apache,BAHIR,297,214,83,0.7205387205387206,0.27946127946127947
Apache,AWF,243,52,191,0.2139917695473251,0.7860082304526749
Apache,AIRAVATA,3538,2802,736,0.7919728660260034,0.2080271339739966
Apache,MILAGRO,36,35,1,0.9722222222222222,0.027777777777777776
Apache,TRIPLES,6,4,2,0.6666666666666666,0.3333333333333333
Apache,MDOCCK,33,33,0,1.0,0.0
Apache,MAVIBOT,49,42,7,0.8571428571428571,0.14285714285714285
Apache,CXFXJC,40,34,6,0.85,0.15
Apache,FALCON,2343,1805,538,0.7703798548868971,0.22962014511310286
Apache,UIMA,6401,5870,531,0.9170442118418997,0.0829557881581003
Apache,ROCKETMQ,384,240,144,0.625,0.375
Apache,JCRBENCH,3,2,1,0.6666666666666666,0.3333333333333333
Apache,MWRAPPER,47,34,13,0.723404255319149,0.2765957446808511
Apache,OPENOFFICE,189,16,173,0.08465608465608465,0.9153439153439153
Apache,MSITE,779,741,38,0.9512195121951219,0.04878048780487805
Apache,OLINGO,1552,1247,305,0.803479381443299,0.19652061855670103
Apache,SENTRY,2564,1951,613,0.7609204368174727,0.2390795631825273
Apache,WINK,439,365,74,0.8314350797266514,0.16856492027334852
Apache,MPIR,385,378,7,0.9818181818181818,0.01818181818181818
Apache,HDDS,6121,4813,1308,0.7863094265642869,0.21369057343571313
Apache,COMDEV,404,291,113,0.7202970297029703,0.27970297029702973
Apache,CRYPTO,148,131,17,0.8851351351351351,0.11486486486486487
Apache,JCRRMI,34,19,15,0.5588235294117647,0.4411764705882353
Apache,FINERACT,1476,876,600,0.5934959349593496,0.4065040650406504
Apache,TEXEN,19,7,12,0.3684210526315789,0.631578947368421
Apache,CLIMATE,973,857,116,0.880781089414183,0.11921891058581706
Apache,LOG4PHP,244,183,61,0.75,0.25
Apache,MSCMPUB,45,45,0,1.0,0.0
Apache,HOP,2158,1698,460,0.7868396663577386,0.21316033364226136
Apache,DL,213,145,68,0.6807511737089202,0.3192488262910798
Apache,SERF,196,165,31,0.8418367346938775,0.15816326530612246
Apache,FILEUPLOAD,341,301,40,0.8826979472140762,0.11730205278592376
Apache,BATCHEE,154,134,20,0.8701298701298701,0.12987012987012986
Apache,METRON,2349,1661,688,0.7071094082588335,0.29289059174116644
Apache,TESTING,12,2,10,0.16666666666666666,0.8333333333333334
Apache,WOOKIE,425,377,48,0.8870588235294118,0.11294117647058824
Apache,JAXME,106,78,28,0.7358490566037735,0.2641509433962264
Apache,VYSPER,350,265,85,0.7571428571428571,0.24285714285714285
Apache,STR,3009,2765,244,0.9189099368560983,0.08109006314390163
Apache,YUNIKORN,994,801,193,0.8058350100603622,0.19416498993963782
Apache,FOP,3040,2483,557,0.8167763157894737,0.18322368421052632
Apache,AXISCPP,1087,996,91,0.9162833486660533,0.08371665133394664
Apache,CSV,291,219,72,0.7525773195876289,0.24742268041237114
Apache,LUCENENET,649,649,0,1.0,0.0
Apache,AMQCLI,13,12,1,0.9230769230769231,0.07692307692307693
Apache,TEPHRA,314,209,105,0.6656050955414012,0.3343949044585987
Apache,SB,22,21,1,0.9545454545454546,0.045454545454545456
Apache,DIRSHARED,120,120,0,1.0,0.0
Apache,MSOURCES,122,116,6,0.9508196721311475,0.04918032786885246
Apache,AXIOM,506,488,18,0.9644268774703557,0.03557312252964427
Apache,IVY,1623,1221,402,0.7523105360443623,0.2476894639556377
Apache,STONEHENGE,130,114,16,0.8769230769230769,0.12307692307692308
Apache,XERCESJ,1725,1460,265,0.8463768115942029,0.1536231884057971
Apache,COTTON,15,1,14,0.06666666666666667,0.9333333333333333
Apache,TRANSACTION,42,21,21,0.5,0.5
Apache,RAVE,1286,864,422,0.671850699844479,0.328149300155521
Apache,SMX4NMR,318,282,36,0.8867924528301887,0.11320754716981132
Apache,MSHADE,406,319,87,0.7857142857142857,0.21428571428571427
Apache,DOXIA,573,547,26,0.9546247818499127,0.04537521815008726
Apache,CMDA,19,9,10,0.47368421052631576,0.5263157894736842
Apache,PHOENIX,6593,5012,1581,0.760200212346428,0.23979978765357196
Apache,COCOON,2364,1955,409,0.8269881556683587,0.1730118443316413
Apache,AXIS2,5918,5227,691,0.8832375802636026,0.11676241973639744
Apache,AURORA,1970,1578,392,0.8010152284263959,0.19898477157360406
Apache,SANDESHA2,216,164,52,0.7592592592592593,0.24074074074074073
Apache,ASYNCWEB,45,28,17,0.6222222222222222,0.37777777777777777
Apache,LCN4C,8,1,7,0.125,0.875
Apache,AGE2,77,34,43,0.44155844155844154,0.5584415584415584
Apache,SYNCOPE,1650,1624,26,0.9842424242424243,0.01575757575757576
Apache,MRESOURCES,255,246,9,0.9647058823529412,0.03529411764705882
Apache,ZIPKIN,1,0,1,0.0,1.0
Apache,TS,5103,4413,690,0.8647854203409759,0.13521457965902411
Apache,JCRSITE,51,35,16,0.6862745098039216,0.3137254901960784
Apache,POOL,383,355,28,0.9268929503916449,0.0731070496083551
Apache,DISCOVERY,21,18,3,0.8571428571428571,0.14285714285714285
Apache,AMATERASU,84,49,35,0.5833333333333334,0.4166666666666667
Apache,DOSGI,278,267,11,0.960431654676259,0.039568345323741004
Apache,MJDEPRSCAN,4,3,1,0.75,0.25
Apache,MDEPLOY,265,242,23,0.9132075471698113,0.08679245283018867
Apache,LOGGING,176,158,18,0.8977272727272727,0.10227272727272728
Apache,COCOON3,132,107,25,0.8106060606060606,0.1893939393939394
Apache,MADLIB,1482,479,1003,0.3232118758434548,0.6767881241565452
Apache,MPMD,324,309,15,0.9537037037037037,0.046296296296296294
Apache,DIGESTER,195,168,27,0.8615384615384616,0.13846153846153847
Apache,BSF,44,32,12,0.7272727272727273,0.2727272727272727
Apache,PEGASUS,11,2,9,0.18181818181818182,0.8181818181818182
Apache,APISIX,36,10,26,0.2777777777777778,0.7222222222222222
Apache,JSPF,108,93,15,0.8611111111111112,0.1388888888888889
Apache,JEXL,353,349,4,0.9886685552407932,0.0113314447592068
Apache,DBCP,574,545,29,0.9494773519163763,0.050522648083623695
Apache,CAY,2714,2273,441,0.8375092114959469,0.16249078850405305
Apache,XMLRPC,193,176,17,0.9119170984455959,0.08808290155440414
Apache,APEXMALHAR,2041,1697,344,0.8314551690347869,0.16854483096521314
Apache,SANDESHA2C,75,62,13,0.8266666666666667,0.17333333333333334
Apache,PLC4X,321,236,85,0.735202492211838,0.26479750778816197
Apache,COMMONSSITE,134,105,29,0.7835820895522388,0.21641791044776118
Apache,ACL,5,5,0,1.0,0.0
Apache,MGPG,83,75,8,0.9036144578313253,0.0963855421686747
Apache,SHINDIG,1979,1752,227,0.8852956038403234,0.1147043961596766
Apache,MSCRIPTING,8,7,1,0.875,0.125
Apache,HISE,103,78,25,0.7572815533980582,0.24271844660194175
Apache,TUWENI,32,23,9,0.71875,0.28125
Apache,DIRTSEC,14,4,10,0.2857142857142857,0.7142857142857143
Apache,NIFI,9499,6526,2973,0.6870196862827667,0.3129803137172334
Apache,MEJB,122,118,4,0.9672131147540983,0.03278688524590164
Apache,JAMES,3611,3238,373,0.8967045139850457,0.10329548601495431
Apache,ARIES,2056,1755,301,0.8535992217898832,0.14640077821011674
Apache,SVN,4518,3737,781,0.8271359008410801,0.17286409915891987
Apache,FC,305,255,50,0.8360655737704918,0.16393442622950818
Apache,DIRGROOVY,9,3,6,0.3333333333333333,0.6666666666666666
Apache,DBUTILS,146,128,18,0.8767123287671232,0.1232876712328767
Apache,BLUR,450,357,93,0.7933333333333333,0.20666666666666667
Apache,GRFT,110,80,30,0.7272727272727273,0.2727272727272727
Apache,GROOVY,10187,8898,1289,0.8734661823893197,0.12653381761068028
Apache,CONNECTORS,1689,1580,109,0.9354647720544701,0.0645352279455299
Apache,ROL,2135,2069,66,0.9690866510538642,0.030913348946135833
Apache,MJLINK,64,62,2,0.96875,0.03125
Apache,SAVAN,13,3,10,0.23076923076923078,0.7692307692307693
Apache,MODPYTHON,256,175,81,0.68359375,0.31640625
Apache,MIME4J,312,253,59,0.8108974358974359,0.1891025641025641
Apache,PARQUET,2092,1601,491,0.7652963671128107,0.2347036328871893
Apache,OODT,1040,976,64,0.9384615384615385,0.06153846153846154
Apache,FLUME,3380,2367,1013,0.7002958579881656,0.2997041420118343
Apache,GBUILD,22,6,16,0.2727272727272727,0.7272727272727273
Apache,DIRKRB,747,638,109,0.8540829986613119,0.1459170013386881
Apache,APA,80,72,8,0.9,0.1
Apache,ISIS,2932,2672,260,0.9113233287858117,0.08867667121418826
Apache,SM,4308,4210,98,0.9772516248839369,0.02274837511606314
Apache,FLAGON,460,341,119,0.741304347826087,0.25869565217391305
Apache,IMAP,353,333,20,0.943342776203966,0.056657223796033995
Apache,OPENJPA,2896,2084,812,0.7196132596685083,0.2803867403314917
Apache,OEP,37,23,14,0.6216216216216216,0.3783783783783784
Apache,TOOLS,3,3,0,1.0,0.0
Apache,ABDERA,311,260,51,0.8360128617363344,0.1639871382636656
Apache,TENTACLES,15,9,6,0.6,0.4
Apache,ONAMI,118,108,10,0.9152542372881356,0.0847457627118644
Apache,SANDBOX,266,175,91,0.6578947368421053,0.34210526315789475
Apache,HTTPCORE,687,678,9,0.9868995633187773,0.013100436681222707
Apache,PIRK,81,63,18,0.7777777777777778,0.2222222222222222
Apache,DROIDS,179,135,44,0.7541899441340782,0.24581005586592178
Apache,KALUMET,56,23,33,0.4107142857142857,0.5892857142857143
Apache,SPARK,37443,35034,2409,0.935662206553962,0.06433779344603797
Apache,EXTSCRIPT,190,185,5,0.9736842105263158,0.02631578947368421
Apache,EMPIREDB,360,335,25,0.9305555555555556,0.06944444444444445
Apache,ZEPPELIN,5614,3392,2222,0.6042037762736017,0.3957962237263983
Apache,AVNSHARP,6,2,4,0.3333333333333333,0.6666666666666666
Apache,CENTRAL,19,19,0,1.0,0.0
Apache,IGNITE,16194,11949,4245,0.7378658762504632,0.2621341237495369
Apache,PLANET,1,1,0,1.0,0.0
Apache,JCLOUDS,1590,1124,466,0.7069182389937106,0.2930817610062893
Apache,MCHANGELOG,144,135,9,0.9375,0.0625
Apache,LIVY,841,489,352,0.5814506539833532,0.41854934601664684
Apache,COUCHDB,3292,3292,0,1.0,0.0
Apache,MRAR,82,80,2,0.975609756097561,0.024390243902439025
Apache,MCHANGES,409,381,28,0.9315403422982885,0.06845965770171149
Apache,TATPI,5,0,5,0.0,1.0
Apache,SMX4,1905,1758,147,0.9228346456692913,0.07716535433070866
Apache,HTTPDRAFT,95,24,71,0.25263157894736843,0.7473684210526316
Apache,MECLIPSE,723,723,0,1.0,0.0
Apache,HERMES,16,10,6,0.625,0.375
Apache,MIRAE,8,0,8,0.0,1.0
Apache,FLEX,35390,31564,3826,0.8918903645097486,0.10810963549025149
Apache,XW,1128,1007,121,0.8927304964539007,0.10726950354609929
Apache,FINCN,350,123,227,0.3514285714285714,0.6485714285714286
Apache,MACR,53,51,2,0.9622641509433962,0.03773584905660377
Apache,EDGENT,450,365,85,0.8111111111111111,0.18888888888888888
Apache,PNIX,58,12,46,0.20689655172413793,0.7931034482758621
Apache,SIRONA,65,57,8,0.8769230769230769,0.12307692307692308
Apache,SCOUT,138,135,3,0.9782608695652174,0.021739130434782608
Apache,FREEMARKER,202,143,59,0.7079207920792079,0.29207920792079206
Apache,XALANC,813,746,67,0.9175891758917589,0.08241082410824108
Apache,EWS,8,3,5,0.375,0.625
Apache,PROTOCOLS,120,115,5,0.9583333333333334,0.041666666666666664
Apache,CODEC,298,261,37,0.8758389261744967,0.12416107382550336
Apache,SYNAPSE,1120,990,130,0.8839285714285714,0.11607142857142858
Apache,FTPSERVER,499,357,142,0.7154308617234469,0.2845691382765531
Apache,WHIMSY,369,221,148,0.5989159891598916,0.4010840108401084
Apache,GEARPUMP,368,228,140,0.6195652173913043,0.3804347826086957
Apache,MREPOSITORY,39,39,0,1.0,0.0
Apache,CAMEL,17391,16716,675,0.9611868207693635,0.038813179230636534
Apache,TIKA,3633,2690,943,0.7404349022846133,0.2595650977153867
Apache,RAT,291,213,78,0.7319587628865979,0.26804123711340205
Apache,CHUKWA,822,677,145,0.8236009732360098,0.17639902676399027
Apache,NETBEANSINFRA,259,194,65,0.749034749034749,0.25096525096525096
Apache,PODLINGNAMESEARCH,186,185,1,0.9946236559139785,0.005376344086021506
Apache,CONCERTED,23,9,14,0.391304347826087,0.6086956521739131
Apache,DTACLOUD,587,432,155,0.7359454855195912,0.26405451448040884
Apache,MRRESOURCES,117,108,9,0.9230769230769231,0.07692307692307693
Apache,HTTPASYNC,133,133,0,1.0,0.0
Apache,CMIS,1096,997,99,0.9096715328467153,0.09032846715328467
Apache,MLINKCHECK,38,28,10,0.7368421052631579,0.2631578947368421
Apache,KI,1,0,1,0.0,1.0
Apache,OCM,70,27,43,0.38571428571428573,0.6142857142857143
Apache,KAFKA,12312,8682,3630,0.7051656920077972,0.2948343079922027
Apache,BUILDR,735,720,15,0.9795918367346939,0.02040816326530612
Apache,MJAR,262,250,12,0.9541984732824428,0.04580152671755725
Apache,MEAR,296,283,13,0.956081081081081,0.04391891891891892
Apache,DAYTRADER,67,63,4,0.9402985074626866,0.05970149253731343
Apache,AXIS2C,1692,1462,230,0.8640661938534279,0.1359338061465721
Apache,BLUEMARLIN,3,2,1,0.6666666666666666,0.3333333333333333
Apache,ATLAS,4469,3674,795,0.822107854106064,0.177892145893936
Apache,SHIRO,838,580,258,0.6921241050119332,0.30787589498806683
Apache,HAWQ,1808,1516,292,0.838495575221239,0.16150442477876106
Apache,MRELEASE,1045,948,97,0.907177033492823,0.09282296650717703
Apache,TASHI,28,18,10,0.6428571428571429,0.35714285714285715
Apache,LUCENE,10313,8442,1871,0.8185784931639678,0.1814215068360322
Apache,AGILA,44,14,30,0.3181818181818182,0.6818181818181818
Apache,CRAIL,113,74,39,0.6548672566371682,0.34513274336283184
Apache,TAVERNA,1063,189,874,0.17779868297271872,0.8222013170272813
Apache,OGNL,261,200,61,0.7662835249042146,0.23371647509578544
Apache,OWC,6,5,1,0.8333333333333334,0.16666666666666666
Apache,RAMPART,442,344,98,0.7782805429864253,0.22171945701357465
Apache,PDFBOX,5347,4959,388,0.9274359453899382,0.07256405461006171
Apache,MSHARED,991,933,58,0.941473259334006,0.05852674066599395
Apache,VFS,809,556,253,0.6872682323856613,0.3127317676143387
Apache,CARBONDATA,4316,3255,1061,0.7541705282669138,0.2458294717330862
Apache,JCR,4630,4036,594,0.8717062634989201,0.12829373650107992
Apache,YETUS,1136,898,238,0.7904929577464789,0.20950704225352113
Apache,HADOOP,15797,13217,2580,0.8366778502247262,0.1633221497752738
Apache,ECS,4,1,3,0.25,0.75
Apache,AIRFLOW,7038,5319,1719,0.7557544757033248,0.2442455242966752
Apache,VELOCITY,886,873,13,0.9853273137697517,0.014672686230248307
Apache,JCI,79,64,15,0.810126582278481,0.189873417721519
Apache,CELIX,469,425,44,0.906183368869936,0.09381663113006397
Apache,GIRAPH,1252,1062,190,0.8482428115015974,0.15175718849840256
Apache,KNOX,2694,2398,296,0.8901262063845583,0.10987379361544172
Apache,MTOMCAT,316,250,66,0.7911392405063291,0.2088607594936709
Apache,WICKET,6933,6806,127,0.9816818116255589,0.018318188374441078
Apache,MPOM,269,261,8,0.9702602230483272,0.02973977695167286
Apache,MYNEWTDOC,73,43,30,0.589041095890411,0.410958904109589
Apache,DAEMON,436,420,16,0.963302752293578,0.03669724770642202
Apache,MASSEMBLY,941,864,77,0.9181721572794899,0.0818278427205101
Apache,NUVEM,24,11,13,0.4583333333333333,0.5416666666666666
Apache,HAMA,1006,867,139,0.8618290258449304,0.13817097415506957
Apache,MJARSIGNER,59,51,8,0.864406779661017,0.13559322033898305
Apache,HTRACE,402,333,69,0.8283582089552238,0.17164179104477612
Apache,MRUNIT,224,189,35,0.84375,0.15625
Apache,MINVOKER,288,271,17,0.9409722222222222,0.059027777777777776
Apache,MPATCH,16,11,5,0.6875,0.3125
Apache,FEDIZ,252,225,27,0.8928571428571429,0.10714285714285714
Apache,EXEC,119,78,41,0.6554621848739496,0.3445378151260504
Apache,BLUESKY,10,6,4,0.6,0.4
Apache,TOMEE,3371,2661,710,0.7893800059329575,0.21061999406704243
Apache,POSTAGE,25,17,8,0.68,0.32
Apache,ORC,1075,848,227,0.7888372093023256,0.2111627906976744
Apache,MYFACESTEST,72,65,7,0.9027777777777778,0.09722222222222222
Apache,SQOOP,3152,2283,869,0.7243020304568528,0.2756979695431472
Apache,LUCY,320,304,16,0.95,0.05
Apache,TUSCANY,4082,3496,586,0.8564429201371877,0.14355707986281235
Apache,TRB,103,91,12,0.883495145631068,0.11650485436893204
Apache,STATISTICS,41,23,18,0.5609756097560976,0.43902439024390244
Apache,SPOT,309,183,126,0.5922330097087378,0.4077669902912621
Apache,QUICKSTEP,128,73,55,0.5703125,0.4296875
Apache,DATASKETCHES,10,7,3,0.7,0.3
Apache,MNG,6046,5589,457,0.9244128349321866,0.07558716506781343
Apache,LENS,1451,1085,366,0.7477601654031703,0.25223983459682975
Apache,PRC,23,11,12,0.4782608695652174,0.5217391304347826
Apache,EXTVAL,161,148,13,0.9192546583850931,0.08074534161490683
Apache,POLYGENE,311,250,61,0.8038585209003215,0.19614147909967847
Apache,ECHARTS,18,6,12,0.3333333333333333,0.6666666666666666
Apache,RANGER,3567,3053,514,0.855901317633866,0.14409868236613402
Apache,MNEMONIC,711,664,47,0.9338959212376934,0.06610407876230662
Apache,NIFIREG,326,325,1,0.9969325153374233,0.003067484662576687
Apache,SANTUARIO,208,181,27,0.8701923076923077,0.12980769230769232
Apache,XMLSCHEMA,61,54,7,0.8852459016393442,0.11475409836065574
Apache,AXIS,2918,1842,1076,0.6312542837559972,0.36874571624400276
Apache,AUTOTAG,24,19,5,0.7916666666666666,0.20833333333333334
Apache,HCATALOG,649,491,158,0.7565485362095532,0.24345146379044685
Apache,BEEHIVE,1231,1082,149,0.8789601949634444,0.12103980503655565
Apache,BVAL,185,178,7,0.9621621621621622,0.03783783783783784
Apache,TEXT,205,168,37,0.8195121951219512,0.18048780487804877
Apache,STREAMPIPES,489,351,138,0.7177914110429447,0.2822085889570552
Apache,MANTRUN,202,195,7,0.9653465346534653,0.034653465346534656
Apache,SSHD,1235,1152,83,0.9327935222672065,0.06720647773279352
Apache,DIRSERVER,2278,1876,402,0.8235294117647058,0.17647058823529413
Apache,S4,165,101,64,0.6121212121212121,0.3878787878787879
Apache,TRAINING,37,30,7,0.8108108108108109,0.1891891891891892
Apache,MAPREDUCE,7047,5389,1658,0.7647225769831134,0.23527742301688662
Apache,HUDI,3172,1786,1386,0.5630517023959647,0.4369482976040353
Apache,CALCITE,4968,3563,1405,0.7171900161030595,0.2828099838969404
Apache,PROVISIONR,47,30,17,0.6382978723404256,0.3617021276595745
Apache,MSKINS,166,152,14,0.9156626506024096,0.08433734939759036
Apache,ALOIS,13,1,12,0.07692307692307693,0.9230769230769231
Apache,TEST6,2,0,2,0.0,1.0
Apache,OAK,9612,8810,802,0.9165626300457761,0.08343736995422389
Apache,MASFRES,42,36,6,0.8571428571428571,0.14285714285714285
Apache,BLAZE,10,0,10,0.0,1.0
Apache,GUMP,169,132,37,0.7810650887573964,0.21893491124260356
Apache,SLIDER,1265,963,302,0.7612648221343874,0.23873517786561266
Apache,ESME,373,304,69,0.8150134048257373,0.18498659517426275
Apache,DBF,13,1,12,0.07692307692307693,0.9230769230769231
Apache,MPH,169,162,7,0.9585798816568047,0.04142011834319527
Apache,MINIFI,240,240,0,1.0,0.0
Apache,EAGLE,1097,819,278,0.7465815861440291,0.2534184138559708
Apache,MWAR,433,417,16,0.9630484988452656,0.03695150115473441
Apache,CLOWNFISH,120,91,29,0.7583333333333333,0.24166666666666667
Apache,CLK,804,730,74,0.9079601990049752,0.09203980099502487
Apache,HORN,59,13,46,0.22033898305084745,0.7796610169491526
Apache,OOZIE,3646,2737,909,0.7506856829402084,0.24931431705979154
Apache,TWILL,271,200,71,0.7380073800738007,0.26199261992619927
Apache,ARMI,6,0,6,0.0,1.0
Apache,IMAGING,319,247,72,0.774294670846395,0.22570532915360503
Apache,SIS,531,365,166,0.687382297551789,0.3126177024482109
Apache,SINGA,528,345,183,0.6534090909090909,0.3465909090909091
Apache,IMPALA,11031,8869,2162,0.8040068896745536,0.19599311032544647
Apache,MJDEPS,27,18,9,0.6666666666666666,0.3333333333333333
Apache,STANBOL,1473,1317,156,0.8940936863543788,0.10590631364562118
Apache,JOSHUA,346,286,60,0.8265895953757225,0.17341040462427745
Apache,WEEX,681,448,233,0.657856093979442,0.342143906020558
Apache,LOG4J2,3304,2459,845,0.7442493946731235,0.2557506053268765
Apache,TOBAGO,2091,2024,67,0.9679579148732664,0.03204208512673362
Apache,ETCH,295,221,74,0.7491525423728813,0.25084745762711863
Apache,JCRVLT,577,503,74,0.8717504332755632,0.12824956672443674
Apache,APOLLO,51,24,27,0.47058823529411764,0.5294117647058824
Apache,HERALDRY,5,3,2,0.6,0.4
Apache,OPENMEETINGS,2718,2628,90,0.9668874172185431,0.033112582781456956
Apache,KAND,10,3,7,0.3,0.7
Apache,PIG,5338,4305,1033,0.8064818284001498,0.19351817159985013
Apache,AMQCPP,646,612,34,0.9473684210526315,0.05263157894736842
Apache,LOG4NET,680,456,224,0.6705882352941176,0.32941176470588235
Apache,MJAVADOC,690,657,33,0.9521739130434783,0.04782608695652174
Apache,MCOMPILER,462,384,78,0.8311688311688312,0.16883116883116883
Apache,IBATIS,777,569,208,0.7323037323037324,0.2676962676962677
Apache,XBEAN,312,271,41,0.8685897435897436,0.13141025641025642
Apache,BIGTOP,3622,3013,609,0.8318608503589178,0.16813914964108229
Apache,BEANUTILS,551,396,155,0.7186932849364791,0.2813067150635209
Apache,JDKIM,47,42,5,0.8936170212765957,0.10638297872340426
Apache,PULSAR,17,5,12,0.29411764705882354,0.7058823529411765
Apache,ANY23,526,487,39,0.9258555133079848,0.0741444866920152
Apache,WAGON,594,579,15,0.9747474747474747,0.025252525252525252
Apache,LAUNCHER,12,3,9,0.25,0.75
Apache,SMXCOMP,972,746,226,0.7674897119341564,0.23251028806584362
Apache,IVYDE,384,324,60,0.84375,0.15625
Apache,GUACAMOLE,1485,1198,287,0.8067340067340067,0.19326599326599325
Apache,MPDF,93,87,6,0.9354838709677419,0.06451612903225806
Apache,DOXIASITETOOLS,228,219,9,0.9605263157894737,0.039473684210526314
Apache,TILESSHOW,15,10,5,0.6666666666666666,0.3333333333333333
Apache,CORAL,21,0,21,0.0,1.0
Apache,APEXCORE,782,536,246,0.6854219948849105,0.3145780051150895
Apache,MCHECKSTYLE,397,367,30,0.924433249370277,0.07556675062972293
Apache,ESCIMO,2,1,1,0.5,0.5
Apache,EASYANT,75,56,19,0.7466666666666667,0.25333333333333335
Apache,CLOUDSTACK,40,14,26,0.35,0.65
Apache,TAPESTRY,2499,2325,174,0.9303721488595438,0.06962785114045618
Apache,AVRO,3272,2411,861,0.7368581907090465,0.26314180929095354
Apache,S2GRAPH,258,171,87,0.6627906976744186,0.3372093023255814
Apache,MYNEWT,1,0,1,0.0,1.0
Apache,CRUNCH,697,598,99,0.8579626972740315,0.14203730272596843
Apache,MAILBOX,407,364,43,0.8943488943488943,0.10565110565110565
Apache,YARN,10769,7806,2963,0.7248583898226391,0.27514161017736094
Apache,XAP,589,301,288,0.5110356536502547,0.48896434634974534
Apache,MFCOMMONS,46,37,9,0.8043478260869565,0.1956521739130435
Apache,VCL,1122,981,141,0.8743315508021391,0.12566844919786097
Apache,MAILET,166,141,25,0.8493975903614458,0.15060240963855423
Apache,FEEDPARSER,9,6,3,0.6666666666666666,0.3333333333333333
Apache,MYRIAD,325,176,149,0.5415384615384615,0.4584615384615385
Apache,JCRTCK,19,5,14,0.2631578947368421,0.7368421052631579
Apache,EL,20,6,14,0.3,0.7
Apache,CHAIN,113,76,37,0.672566371681416,0.3274336283185841
Apache,CASSANDRA,17115,14816,2299,0.8656733859187847,0.1343266140812153
Apache,INFRACLOUD1,8,2,6,0.25,0.75
Apache,GEODE,9905,8052,1853,0.8129227662796568,0.18707723372034327
Apache,LOKAHI,8,1,7,0.125,0.875
Apache,RBATIS,2,1,1,0.5,0.5
Apache,WAYANG,46,23,23,0.5,0.5
Apache,HIVE,25731,18516,7215,0.7195989273638801,0.28040107263611985
Apache,TINKERPOP,2681,2500,181,0.9324878776575904,0.06751212234240955
Apache,ODFTOOLKIT,479,342,137,0.7139874739039666,0.2860125260960334
Apache,SYSTEMDS,3119,2378,741,0.7624238537992947,0.23757614620070536
Apache,MRM,1993,1788,205,0.8971399899648771,0.10286001003512293
Apache,KUDU,3194,2390,804,0.7482780212899186,0.2517219787100814
Apache,NLPCRAFT,471,393,78,0.8343949044585988,0.16560509554140126
Apache,FLINK,25492,21398,4094,0.839400596265495,0.16059940373450493
Apache,CURATOR,622,436,186,0.7009646302250804,0.2990353697749196
Apache,UNOMI,540,453,87,0.8388888888888889,0.16111111111111112
Apache,ARCHETYPE,581,521,60,0.8967297762478486,0.10327022375215146
Apache,OPENNLP,1309,1139,170,0.8701298701298701,0.12987012987012986
Apache,MFHTML5,21,7,14,0.3333333333333333,0.6666666666666666
Apache,APLO,401,329,72,0.8204488778054863,0.17955112219451372
Apache,WSCOMMONS,197,173,24,0.8781725888324873,0.1218274111675127
Apache,CONTINUUM,2724,2312,412,0.8487518355359766,0.1512481644640235
Apache,GERONIMODEVTOOLS,806,696,110,0.8635235732009926,0.13647642679900746
Apache,OPENWIRE,16,12,4,0.75,0.25
Apache,SCM,958,923,35,0.9634655532359081,0.03653444676409186
Apache,CLI,313,228,85,0.7284345047923323,0.2715654952076677
Apache,IBATISNET,301,247,54,0.8205980066445183,0.17940199335548174
Apache,BCEL,342,268,74,0.783625730994152,0.21637426900584794
Apache,NEMO,484,291,193,0.6012396694214877,0.3987603305785124
Apache,TEVAL,1,0,1,0.0,1.0
Apache,TILES,578,545,33,0.9429065743944637,0.05709342560553633
Apache,TM,39,0,39,0.0,1.0
Apache,IOTDB,2265,1690,575,0.7461368653421634,0.25386313465783666
Apache,DMAP,204,204,0,1.0,0.0
Apache,SUPERSET,13,6,7,0.46153846153846156,0.5384615384615384
Apache,RYA,540,348,192,0.6444444444444445,0.35555555555555557
Apache,COMPRESS,601,530,71,0.8818635607321131,0.11813643926788686
Apache,RIPPLE,106,49,57,0.46226415094339623,0.5377358490566038
Apache,GORA,649,521,128,0.802773497688752,0.19722650231124808
Apache,AGEOLD,65,22,43,0.3384615384615385,0.6615384615384615
Apache,ADDR,37,5,32,0.13513513513513514,0.8648648648648649
Apache,REEF,2065,1606,459,0.7777239709443099,0.22227602905569008
Apache,MAHOUT,2121,2009,112,0.9471947194719472,0.052805280528052806
Apache,PORTALS,25,20,5,0.8,0.2
Apache,ORCHESTRA,67,50,17,0.746268656716418,0.2537313432835821
Apache,ORP,11,5,6,0.45454545454545453,0.5454545454545454
Apache,SCB,2326,2000,326,0.8598452278589854,0.14015477214101463
Apache,WHISKER,20,10,10,0.5,0.5
Apache,SOAP,173,145,28,0.838150289017341,0.16184971098265896
Apache,MPLUGIN,369,355,14,0.962059620596206,0.037940379403794036
Apache,HDFS,15588,12328,3260,0.7908647677700795,0.20913523222992045
Apache,TORQUEOLD,378,31,347,0.082010582010582,0.917989417989418
Apache,WW,5093,4761,332,0.9348124877282544,0.06518751227174553
Apache,ODE,1078,838,240,0.7773654916512059,0.22263450834879406
Apache,MXNET,1407,312,1095,0.22174840085287847,0.7782515991471215
Apache,MPT,44,39,5,0.8863636363636364,0.11363636363636363
Apache,DERBY,7123,5817,1306,0.8166502878000842,0.18334971219991578
Apache,ATTRIBUTES,13,11,2,0.8461538461538461,0.15384615384615385
Apache,MINDEXER,128,121,7,0.9453125,0.0546875
Apache,MTOOLCHAINS,34,27,7,0.7941176470588235,0.20588235294117646
Apache,AMQ,7540,6740,800,0.8938992042440318,0.10610079575596817
Apache,JUDDI,1012,991,21,0.9792490118577075,0.020750988142292492
Apache,AAR,9107,57,9050,0.006258921708575821,0.9937410782914242
Apache,HTTPCLIENT,2116,2063,53,0.974952741020794,0.02504725897920605
Apache,NETBEANS,6155,2804,3351,0.4555645816409423,0.5444354183590576
Apache,METAMODEL,400,260,140,0.65,0.35
Apache,WHIRR,754,544,210,0.7214854111405835,0.27851458885941643
Apache,EVENTMESH,9,3,6,0.3333333333333333,0.6666666666666666
Apache,MCLEAN,86,83,3,0.9651162790697675,0.03488372093023256
Apache,DIRMINA,1114,1082,32,0.9712746858168761,0.02872531418312388
Apache,CHAINSAW,42,8,34,0.19047619047619047,0.8095238095238095
Apache,MUSE,314,250,64,0.7961783439490446,0.20382165605095542
Apache,ARTEMIS,3571,3202,369,0.8966676001120134,0.10333239988798656
Apache,MESOS,10197,7148,3049,0.7009904873982544,0.29900951260174563
Apache,MANT,77,77,0,1.0,0.0
Apache,JELLY,291,189,102,0.6494845360824743,0.35051546391752575
Apache,MNGSITE,421,378,43,0.8978622327790974,0.1021377672209026
Apache,CASSANDRASC,32,19,13,0.59375,0.40625
Apache,BATIK,1317,904,413,0.686408504176158,0.31359149582384205
Apache,AVALON,7,7,0,1.0,0.0
Apache,SOLR,15704,11785,3919,0.7504457463066735,0.24955425369332654
Apache,MRQL,102,102,0,1.0,0.0
Apache,GOBBLIN,1591,1056,535,0.6637335009428033,0.33626649905719674
Apache,LABS,352,294,58,0.8352272727272727,0.16477272727272727
Apache,CS,13,7,6,0.5384615384615384,0.46153846153846156
Apache,HBASE,26421,22774,3647,0.861965860489762,0.13803413951023807
Apache,TOMAHAWK,1683,1197,486,0.7112299465240641,0.2887700534759358
Apache,STDCXX,1062,711,351,0.6694915254237288,0.3305084745762712
Apache,JSPWIKI,1050,901,149,0.8580952380952381,0.1419047619047619
Apache,PROXY,28,26,2,0.9285714285714286,0.07142857142857142
Apache,SHALE,497,381,116,0.7665995975855131,0.23340040241448692
Apache,JCS,227,227,0,1.0,0.0
Apache,XERCESP,55,37,18,0.6727272727272727,0.32727272727272727
Apache,BROOKLYN,628,333,295,0.5302547770700637,0.4697452229299363
Apache,ARIA,427,249,178,0.5831381733021077,0.4168618266978923
Apache,XERCESC,2230,2063,167,0.9251121076233184,0.07488789237668161
Apache,WSIF,94,45,49,0.4787234042553192,0.5212765957446809
Apache,MENFORCER,402,376,26,0.9353233830845771,0.06467661691542288
Apache,MYFACES,4054,4037,17,0.99580661075481,0.004193389245189936
Apache,MATH,1628,1464,164,0.8992628992628993,0.10073710073710074
Apache,LIMINAL,81,42,39,0.5185185185185185,0.48148148148148145
Apache,KATO,16,2,14,0.125,0.875
Apache,DIRNAMING,15,13,2,0.8666666666666667,0.13333333333333333
Apache,MANTTASKS,247,247,0,1.0,0.0
Apache,JENA,2238,2091,147,0.9343163538873994,0.06568364611260054
Apache,TORQUE,360,359,1,0.9972222222222222,0.002777777777777778
Apache,NET,700,657,43,0.9385714285714286,0.06142857142857143
Apache,COLLECTIONS,744,651,93,0.875,0.125
Apache,MINIFICPP,1707,1269,438,0.7434094903339191,0.2565905096660808
Apache,RNG,165,151,14,0.9151515151515152,0.08484848484848485
Apache,STUDIO,16,16,0,1.0,0.0
Apache,STORM,3762,2668,1094,0.7091972355130249,0.290802764486975
Apache,DIRAPI,355,319,36,0.8985915492957747,0.10140845070422536
Apache,IMPERIUS,34,8,26,0.23529411764705882,0.7647058823529411
Apache,TILESSB,10,10,0,1.0,0.0
Apache,USERGRID,1341,865,476,0.645041014168531,0.35495898583146906
Apache,TC,553,326,227,0.5895117540687161,0.4104882459312839
Apache,SLING,11011,9936,1075,0.9023703569158115,0.09762964308418853
Apache,IO,744,594,150,0.7983870967741935,0.20161290322580644
Apache,DISPATCH,2302,1954,348,0.8488271068635969,0.15117289313640314
Apache,STRATOS,1662,1379,283,0.8297232250300842,0.17027677496991575
Apache,BOOKKEEPER,1095,1022,73,0.9333333333333333,0.06666666666666667
Apache,PYLUCENE,61,46,15,0.7540983606557377,0.2459016393442623
Apache,HDT,63,46,17,0.7301587301587301,0.2698412698412698
Apache,STOMP,2,2,0,1.0,0.0
Apache,MDOAP,55,52,3,0.9454545454545454,0.05454545454545454
Apache,PIVOT,1039,844,195,0.8123195380173244,0.18768046198267566
Apache,JOHNZON,356,325,31,0.9129213483146067,0.08707865168539326
Apache,JCRCL,3,1,2,0.3333333333333333,0.6666666666666666
Apache,RUNTIME,52,52,0,1.0,0.0
Apache,QPIDJMS,553,530,23,0.9584086799276673,0.04159132007233273
Apache,PINOT,14,2,12,0.14285714285714285,0.8571428571428571
Apache,INCUBATOR,258,237,21,0.9186046511627907,0.08139534883720931
Apache,FELIX,6392,5624,768,0.8798498122653317,0.12015018773466833
Apache,EMAIL,195,176,19,0.9025641025641026,0.09743589743589744
Hyperledger,INDY,2323,1964,359,0.8454584588893672,0.1545415411106328
Hyperledger,FABGW,24,22,2,0.9166666666666666,0.08333333333333333
Hyperledger,URSA,9,2,7,0.2222222222222222,0.7777777777777778
Hyperledger,CE,717,662,55,0.9232914923291492,0.07670850767085077
Hyperledger,FCW,31,14,17,0.45161290322580644,0.5483870967741935
Hyperledger,FABR,10,3,7,0.3,0.7
Hyperledger,BE,844,776,68,0.919431279620853,0.08056872037914692
Hyperledger,FABG,980,872,108,0.889795918367347,0.11020408163265306
Hyperledger,TX,56,20,36,0.35714285714285715,0.6428571428571429
Hyperledger,FABCJ,300,286,14,0.9533333333333334,0.04666666666666667
Hyperledger,FABCN,438,416,22,0.9497716894977168,0.0502283105022831
Hyperledger,IA,54,31,23,0.5740740740740741,0.42592592592592593
Hyperledger,IS,1536,1293,243,0.841796875,0.158203125
Hyperledger,FABN,1611,1599,12,0.9925512104283054,0.0074487895716946
Hyperledger,FABCAG,34,29,5,0.8529411764705882,0.14705882352941177
Hyperledger,FABB,139,135,4,0.9712230215827338,0.02877697841726619
Hyperledger,ARIES,7,2,5,0.2857142857142857,0.7142857142857143
Hyperledger,FABCG,20,7,13,0.35,0.65
Hyperledger,STL,1663,1249,414,0.751052315093205,0.24894768490679495
Hyperledger,IR,1172,543,629,0.46331058020477817,0.5366894197952219
Hyperledger,COM,10,9,1,0.9,0.1
Hyperledger,AV,6,1,5,0.16666666666666666,0.8333333333333334
Hyperledger,FABLG,10,9,1,0.9,0.1
Hyperledger,FAB,13926,13245,681,0.9510986643688065,0.04890133563119345
Hyperledger,FGJ,110,102,8,0.9272727272727272,0.07272727272727272
Hyperledger,BESU,203,203,0,1.0,0.0
Hyperledger,GRID,103,58,45,0.5631067961165048,0.4368932038834951
Hyperledger,FABCT,58,39,19,0.6724137931034483,0.3275862068965517
Hyperledger,FABJ,484,468,16,0.9669421487603306,0.03305785123966942
Hyperledger,FABCE,150,125,25,0.8333333333333334,0.16666666666666666
Hyperledger,FABC,855,736,119,0.8608187134502924,0.1391812865497076
Hyperledger,FABP,263,253,10,0.9619771863117871,0.03802281368821293
IntelDAOS,DAOS,8533,7601,932,0.890776983475917,0.10922301652408298
IntelDAOS,CART,941,818,123,0.869287991498406,0.13071200850159406
JFrog,NMAP,48,17,31,0.3541666666666667,0.6458333333333334
JFrog,TCAP,1063,141,922,0.13264346190028223,0.8673565380997178
JFrog,TFSAP,24,3,21,0.125,0.875
JFrog,RTFACT,12158,8662,3496,0.7124527060371771,0.28754729396282286
JFrog,JUX,33,4,29,0.12121212121212122,0.8787878787878788
JFrog,MAP,33,21,12,0.6363636363636364,0.36363636363636365
JFrog,HAP,1274,747,527,0.5863422291993721,0.41365777080062793
JFrog,BI,295,223,72,0.7559322033898305,0.2440677966101695
JFrog,BAP,418,278,140,0.6650717703349283,0.3349282296650718
JFrog,GAP,189,133,56,0.7037037037037037,0.2962962962962963
Jira,JRASERVER,47225,38678,8547,0.8190153520381154,0.1809846479618846
Jira,OAUTH20,4,2,2,0.5,0.5
Jira,BAM,14625,12416,2209,0.848957264957265,0.15104273504273505
Jira,API,438,148,290,0.3378995433789954,0.6621004566210046
Jira,FE,5561,4634,927,0.8333033627045495,0.16669663729545045
Jira,JSDCLOUD,6892,3990,2902,0.5789320951828206,0.4210679048171793
Jira,JRACLOUD,27916,22142,5774,0.7931652099154607,0.20683479008453934
Jira,CONFCLOUD,25115,20151,4964,0.8023491937089389,0.19765080629106113
Jira,ID,1310,1014,296,0.7740458015267175,0.22595419847328244
Jira,HTTP,2,2,0,1.0,0.0
Jira,CLOUD,7755,6933,822,0.8940038684719536,0.10599613152804642
Jira,MIG,786,278,508,0.35368956743002544,0.6463104325699746
Jira,CRUC,6765,5886,879,0.8700665188470067,0.12993348115299336
Jira,JSWCLOUD,12733,10029,2704,0.7876384198539229,0.21236158014607712
Jira,JIRAAUTOSERVER,342,57,285,0.16666666666666666,0.8333333333333334
Jira,JPOSERVER,2180,920,1260,0.42201834862385323,0.5779816513761468
Jira,CWD,4407,3357,1050,0.7617426820966644,0.2382573179033356
Jira,SRCTREE,5292,2447,2845,0.4623960695389267,0.5376039304610734
Jira,SRCTREEWIN,9646,5199,4447,0.5389798880364918,0.4610201119635082
Jira,SER,177,153,24,0.864406779661017,0.13559322033898305
Jira,CONFSERVER,43910,37290,6620,0.8492370758369392,0.1507629241630608
Jira,JWMCLOUD,136,31,105,0.22794117647058823,0.7720588235294118
Jira,SCALE,58,30,28,0.5172413793103449,0.4827586206896552
Jira,JSDSERVER,6895,4198,2697,0.6088469905728789,0.3911530094271211
Jira,I18N,837,411,426,0.4910394265232975,0.5089605734767025
Jira,JSWSERVER,13273,10928,2345,0.8233255481051759,0.17667445189482409
Jira,CLOV,1501,1501,0,1.0,0.0
Jira,BSERV,7885,5663,2222,0.7181991122384274,0.2818008877615726
Jira,ACCESS,527,246,281,0.4667931688804554,0.5332068311195446
Jira,BCLOUD,20352,17994,2358,0.8841391509433962,0.11586084905660378
JiraEcosystem,MPJC,34,16,18,0.47058823529411764,0.5294117647058824
JiraEcosystem,CONFSTATS,23,3,20,0.13043478260869565,0.8695652173913043
JiraEcosystem,CE,959,693,266,0.7226277372262774,0.2773722627737226
JiraEcosystem,JPSP,2,1,1,0.5,0.5
JiraEcosystem,DARK,3,1,2,0.3333333333333333,0.6666666666666666
JiraEcosystem,JTOOL,253,47,206,0.1857707509881423,0.8142292490118577
JiraEcosystem,JCAL,40,5,35,0.125,0.875
JiraEcosystem,JDG,9,0,9,0.0,1.0
JiraEcosystem,APL,1266,1195,71,0.9439178515007899,0.05608214849921011
JiraEcosystem,SVN,257,159,98,0.6186770428015564,0.38132295719844356
JiraEcosystem,LESS,48,47,1,0.9791666666666666,0.020833333333333332
JiraEcosystem,QR,16,12,4,0.75,0.25
JiraEcosystem,AW,15,7,8,0.4666666666666667,0.5333333333333333
JiraEcosystem,PAS,14,3,11,0.21428571428571427,0.7857142857142857
JiraEcosystem,AL,6,5,1,0.8333333333333334,0.16666666666666666
JiraEcosystem,PLUG,1161,1104,57,0.9509043927648578,0.04909560723514212
JiraEcosystem,TOC,12,10,2,0.8333333333333334,0.16666666666666666
JiraEcosystem,JWSP,63,43,20,0.6825396825396826,0.31746031746031744
JiraEcosystem,SNIP,32,18,14,0.5625,0.4375
JiraEcosystem,CSUR,42,30,12,0.7142857142857143,0.2857142857142857
JiraEcosystem,ATST,529,405,124,0.7655954631379962,0.23440453686200377
JiraEcosystem,AMPS,1490,1398,92,0.938255033557047,0.06174496644295302
JiraEcosystem,AIT,5,3,2,0.6,0.4
JiraEcosystem,ACJIRA,1999,1381,618,0.6908454227113556,0.3091545772886443
JiraEcosystem,SELENIUM,297,296,1,0.9966329966329966,0.003367003367003367
JiraEcosystem,ACEJS,121,98,23,0.8099173553719008,0.19008264462809918
JiraEcosystem,ACC,75,75,0,1.0,0.0
JiraEcosystem,PAPIA,6,4,2,0.6666666666666666,0.3333333333333333
JiraEcosystem,AO,720,693,27,0.9625,0.0375
JiraEcosystem,JSDECO,183,68,115,0.37158469945355194,0.6284153005464481
JiraEcosystem,CHA,64,61,3,0.953125,0.046875
JiraEcosystem,ASAP,116,101,15,0.8706896551724138,0.12931034482758622
JiraEcosystem,VHS,33,28,5,0.8484848484848485,0.15151515151515152
JiraEcosystem,CPSP,43,20,23,0.46511627906976744,0.5348837209302325
JiraEcosystem,AG,1485,1458,27,0.9818181818181818,0.01818181818181818
JiraEcosystem,REFAPP,497,493,4,0.9919517102615694,0.008048289738430584
JiraEcosystem,PLE,1499,1499,0,1.0,0.0
JiraEcosystem,JDDAP,136,111,25,0.8161764705882353,0.18382352941176472
JiraEcosystem,DEVBOX,51,16,35,0.3137254901960784,0.6862745098039216
JiraEcosystem,HACK,155,137,18,0.8838709677419355,0.11612903225806452
JiraEcosystem,CSE,149,136,13,0.912751677852349,0.087248322147651
JiraEcosystem,AUI,4183,3983,200,0.952187425292852,0.04781257470714798
JiraEcosystem,AIN,6,5,1,0.8333333333333334,0.16666666666666666
JiraEcosystem,CPC,69,53,16,0.7681159420289855,0.2318840579710145
JiraEcosystem,CMMT,20,6,14,0.3,0.7
JiraEcosystem,ABD,35,17,18,0.4857142857142857,0.5142857142857142
JiraEcosystem,ATLASSDK,185,131,54,0.7081081081081081,0.2918918918918919
JiraEcosystem,JAW,21,3,18,0.14285714285714285,0.8571428571428571
JiraEcosystem,MR,92,64,28,0.6956521739130435,0.30434782608695654
JiraEcosystem,STRM,2293,2242,51,0.9777583951155692,0.022241604884430877
JiraEcosystem,FAGE,26,23,3,0.8846153846153846,0.11538461538461539
JiraEcosystem,ADGF,177,95,82,0.536723163841808,0.4632768361581921
JiraEcosystem,SOY,136,133,3,0.9779411764705882,0.022058823529411766
JiraEcosystem,PRETTY,30,30,0,1.0,0.0
JiraEcosystem,FI,109,1,108,0.009174311926605505,0.9908256880733946
JiraEcosystem,JRTE,42,20,22,0.47619047619047616,0.5238095238095238
JiraEcosystem,WEBHOOKS,142,102,40,0.7183098591549296,0.28169014084507044
JiraEcosystem,VOTE,62,51,11,0.8225806451612904,0.1774193548387097
JiraEcosystem,USGTRK,7,4,3,0.5714285714285714,0.42857142857142855
JiraEcosystem,THREAD,1,0,1,0.0,1.0
JiraEcosystem,FP,31,31,0,1.0,0.0
JiraEcosystem,PTRUNNER,39,30,9,0.7692307692307693,0.23076923076923078
JiraEcosystem,PLUGWEB,594,540,54,0.9090909090909091,0.09090909090909091
JiraEcosystem,FASTDEV,111,75,36,0.6756756756756757,0.32432432432432434
JiraEcosystem,FRGE,577,72,505,0.12478336221837089,0.8752166377816292
JiraEcosystem,JAP,29,23,6,0.7931034482758621,0.20689655172413793
JiraEcosystem,JRJC,249,122,127,0.4899598393574297,0.5100401606425703
JiraEcosystem,JPERF,721,405,316,0.5617198335644937,0.43828016643550627
JiraEcosystem,JICAL,40,30,10,0.75,0.25
JiraEcosystem,JCHART,39,11,28,0.28205128205128205,0.717948717948718
JiraEcosystem,SCANNER,106,105,1,0.9905660377358491,0.009433962264150943
JiraEcosystem,ACJS,654,587,67,0.8975535168195719,0.10244648318042814
JiraEcosystem,PLUGFRAG,24,22,2,0.9166666666666666,0.08333333333333333
JiraEcosystem,PLATFORM,194,185,9,0.9536082474226805,0.04639175257731959
JiraEcosystem,CACHE,139,114,25,0.8201438848920863,0.17985611510791366
JiraEcosystem,SPEAKEASY,149,112,37,0.7516778523489933,0.2483221476510067
JiraEcosystem,CCPH,18,1,17,0.05555555555555555,0.9444444444444444
JiraEcosystem,AHTTP,35,18,17,0.5142857142857142,0.4857142857142857
JiraEcosystem,MJF,307,197,110,0.6416938110749185,0.3583061889250814
JiraEcosystem,SAL,365,353,12,0.9671232876712329,0.03287671232876712
JiraEcosystem,BROWSERS,41,21,20,0.5121951219512195,0.4878048780487805
JiraEcosystem,OAUTH,327,320,7,0.9785932721712538,0.021406727828746176
JiraEcosystem,RAB,32,9,23,0.28125,0.71875
JiraEcosystem,ACCESS,629,197,432,0.31319554848966613,0.6868044515103339
JiraEcosystem,VCACHE,105,100,5,0.9523809523809523,0.047619047619047616
JiraEcosystem,HTTPSVC,2,2,0,1.0,0.0
JiraEcosystem,UPM,3763,3708,55,0.9853840021259633,0.014615997874036673
JiraEcosystem,EVENT,46,41,5,0.8913043478260869,0.10869565217391304
JiraEcosystem,AC,1544,1280,264,0.8290155440414507,0.17098445595854922
JiraEcosystem,AA,19,19,0,1.0,0.0
JiraEcosystem,ACSPRING,114,94,20,0.8245614035087719,0.17543859649122806
JiraEcosystem,REST,398,375,23,0.9422110552763819,0.05778894472361809
JiraEcosystem,ATR,105,102,3,0.9714285714285714,0.02857142857142857
JiraEcosystem,FISH,63,13,50,0.20634920634920634,0.7936507936507936
JiraEcosystem,PLVS,454,454,0,1.0,0.0
JiraEcosystem,AMKT,4563,4466,97,0.9787420556651326,0.021257944334867412
JiraEcosystem,WLC,22,10,12,0.45454545454545453,0.5454545454545454
JiraEcosystem,AKS,19,13,6,0.6842105263157895,0.3157894736842105
JiraEcosystem,PL,2889,2889,0,1.0,0.0
JiraEcosystem,SPFE,764,549,215,0.7185863874345549,0.281413612565445
JiraEcosystem,MC,2,1,1,0.5,0.5
MariaDB,MXS,3333,3125,208,0.9375937593759376,0.06240624062406241
MariaDB,CONCPP,57,50,7,0.8771929824561403,0.12280701754385964
MariaDB,CONJ,813,731,82,0.8991389913899139,0.1008610086100861
MariaDB,CONC,465,320,145,0.6881720430107527,0.3118279569892473
MariaDB,R2DBC,14,10,4,0.7142857142857143,0.2857142857142857
MariaDB,ODBC,288,231,57,0.8020833333333334,0.19791666666666666
MariaDB,MDEV,22437,16064,6373,0.715960244239426,0.28403975576057405
MariaDB,CONPY,135,111,24,0.8222222222222222,0.17777777777777778
MariaDB,CONJS,156,147,9,0.9423076923076923,0.057692307692307696
MariaDB,MCOL,3325,2365,960,0.7112781954887218,0.2887218045112782
MariaDB,MDBF,206,0,206,0.0,1.0
Mindville,ID,87,61,26,0.7011494252873564,0.2988505747126437
Mindville,IJBI,35,10,25,0.2857142857142857,0.7142857142857143
Mindville,ITI,7,0,7,0.0,1.0
Mindville,IMFC,76,12,64,0.15789473684210525,0.8421052631578947
Mindville,ICS,1847,518,1329,0.28045479155387115,0.7195452084461289
Mindville,ICC,79,13,66,0.16455696202531644,0.8354430379746836
Mindville,IDFTI,3,2,1,0.6666666666666666,0.3333333333333333
Mojang,BDS,13730,13679,51,0.996285506190823,0.0037144938091769847
Mojang,MCCE,11774,11774,0,1.0,0.0
Mojang,MCPE,144778,140317,4461,0.9691873074638412,0.030812692536158807
Mojang,WEB,3473,3257,216,0.9378059314713504,0.06219406852864958
Mojang,REALMS,9105,8712,393,0.956836902800659,0.04316309719934102
Mojang,MC,213845,205547,8298,0.9611961935046412,0.038803806495358785
Mojang,MCD,6484,6242,242,0.9626773596545343,0.037322640345465764
Mojang,MCL,17630,16965,665,0.9622802041973908,0.03771979580260919
MongoDB,JAVA,4055,3819,236,0.9418002466091245,0.058199753390875464
MongoDB,DAG,341,267,74,0.782991202346041,0.21700879765395895
MongoDB,TOOLS,2452,2133,319,0.8699021207177814,0.1300978792822186
MongoDB,WT,8325,7499,826,0.9007807807807808,0.09921921921921922
MongoDB,MONGOID,5089,4889,200,0.9606995480448025,0.039300451955197484
MongoDB,SPARK,291,277,14,0.9518900343642611,0.048109965635738834
MongoDB,GODRIVER,2161,1882,279,0.8708931050439611,0.12910689495603886
MongoDB,EVG,12546,11384,1162,0.9073808385142675,0.0926191614857325
MongoDB,DRIVERS,833,559,274,0.6710684273709484,0.3289315726290516
MongoDB,PHPC,1600,1445,155,0.903125,0.096875
MongoDB,NODE,3621,3105,516,0.8574979287489644,0.14250207125103562
MongoDB,MONGOCRYPT,346,287,59,0.8294797687861272,0.17052023121387283
MongoDB,MONGOSH,765,667,98,0.8718954248366013,0.12810457516339868
MongoDB,CXX,2298,1909,389,0.8307223672758921,0.16927763272410792
MongoDB,CSHARP,3752,3191,561,0.8504797441364605,0.14952025586353945
MongoDB,COMPASS,2603,2072,531,0.7960046100653092,0.20399538993469074
MongoDB,KAFKA,258,233,25,0.9031007751937985,0.09689922480620156
MongoDB,SWIFT,1338,1045,293,0.78101644245142,0.21898355754857998
MongoDB,CDRIVER,3410,2901,509,0.850733137829912,0.14926686217008797
MongoDB,VSCODE,170,126,44,0.7411764705882353,0.25882352941176473
MongoDB,SERVER,58928,52972,5956,0.8989275047515612,0.10107249524843877
MongoDB,RUST,1046,815,231,0.7791586998087954,0.2208413001912046
MongoDB,PYTHON,2872,2611,261,0.9091225626740947,0.0908774373259053
MongoDB,DOCS,13871,12515,1356,0.9022420878090981,0.09775791219090188
MongoDB,MOTOR,796,742,54,0.9321608040201005,0.0678391959798995
MongoDB,PHPLIB,716,630,86,0.8798882681564246,0.12011173184357542
MongoDB,RUBY,2689,2395,294,0.8906656749721086,0.10933432502789141
Qt,QTSOLBUG,196,46,150,0.23469387755102042,0.7653061224489796
Qt,QTWB,34,28,6,0.8235294117647058,0.17647058823529413
Qt,QTWEBSITE,787,700,87,0.8894536213468869,0.11054637865311309
Qt,QDS,4619,3372,1247,0.7300281446200476,0.2699718553799524
Qt,PYSIDE,1595,1359,236,0.852037617554859,0.14796238244514107
Qt,QTPLAYGROUND,20,8,12,0.4,0.6
Qt,QTMOBILITY,1926,1578,348,0.8193146417445483,0.1806853582554517
Qt,QSR,1248,949,299,0.7604166666666666,0.23958333333333334
Qt,CLOUD,82,41,41,0.5,0.5
Qt,QTCREATORBUG,25249,21976,3273,0.8703711038060913,0.12962889619390866
Qt,QTBUG,97172,77520,19652,0.7977606717984604,0.20223932820153953
Qt,QT3DS,4092,3544,548,0.8660801564027371,0.13391984359726294
Qt,AUTOSUITE,1521,1396,125,0.9178172255095332,0.08218277449046679
Qt,QBS,1634,1376,258,0.8421052631578947,0.15789473684210525
Qt,QTVSADDINBUG,967,818,149,0.8459152016546019,0.15408479834539815
Qt,QTQAINFRA,4169,3581,588,0.8589589829695371,0.14104101703046293
Qt,QTEXT,14,6,8,0.42857142857142855,0.5714285714285714
Qt,QTJIRA,315,288,27,0.9142857142857143,0.08571428571428572
Qt,QTIFW,2178,1728,450,0.7933884297520661,0.2066115702479339
Qt,COIN,699,497,202,0.7110157367668097,0.28898426323319026
Qt,QTMCU,62,52,10,0.8387096774193549,0.16129032258064516
RedHat,SSLNTV,13,11,2,0.8461538461538461,0.15384615384615385
RedHat,AG,185,185,0,1.0,0.0
RedHat,AAH,979,603,376,0.6159346271705822,0.3840653728294178
RedHat,PSAP,208,137,71,0.6586538461538461,0.34134615384615385
RedHat,CCO,116,81,35,0.6982758620689655,0.3017241379310345
RedHat,ELYMP,1,0,1,0.0,1.0
RedHat,CS,940,845,95,0.898936170212766,0.10106382978723404
RedHat,JBSEAM,5032,4134,898,0.8215421303656598,0.1784578696343402
RedHat,CRW,2159,1780,379,0.824455766558592,0.17554423344140807
RedHat,WISE,321,315,6,0.9813084112149533,0.018691588785046728
RedHat,RHSSO,1477,1477,0,1.0,0.0
RedHat,RFE,803,296,507,0.3686176836861768,0.6313823163138231
RedHat,JGRP,2482,2438,44,0.9822723609991942,0.017727639000805803
RedHat,MR,831,814,17,0.9795427196149218,0.02045728038507822
RedHat,FAI,633,437,196,0.6903633491311216,0.30963665086887837
RedHat,MCO,86,12,74,0.13953488372093023,0.8604651162790697
RedHat,MODCLUSTER,692,625,67,0.903179190751445,0.0968208092485549
RedHat,ELYWEB,169,160,9,0.9467455621301775,0.05325443786982249
RedHat,ERDEMO,103,39,64,0.3786407766990291,0.6213592233009708
RedHat,CAPEDWARF,260,226,34,0.8692307692307693,0.13076923076923078
RedHat,BUILD,205,118,87,0.5756097560975609,0.424390243902439
RedHat,JKNS,34,17,17,0.5,0.5
RedHat,STOR,205,102,103,0.4975609756097561,0.5024390243902439
RedHat,JBCLUSTER,248,212,36,0.8548387096774194,0.14516129032258066
RedHat,RESTEASY,2922,2626,296,0.8986995208761123,0.10130047912388775
RedHat,VIRTNET,37,3,34,0.08108108108108109,0.918918918918919
RedHat,AEROGEAR,9715,9471,244,0.9748841996911992,0.025115800308800822
RedHat,EMB,93,86,7,0.9247311827956989,0.07526881720430108
RedHat,JBTHR,88,81,7,0.9204545454545454,0.07954545454545454
RedHat,REMJMX,170,149,21,0.8764705882352941,0.12352941176470589
RedHat,ODH,384,123,261,0.3203125,0.6796875
RedHat,JBPAPP,5932,5930,2,0.9996628455832771,0.00033715441672285906
RedHat,DBAAS,193,151,42,0.7823834196891192,0.21761658031088082
RedHat,WFTC,85,74,11,0.8705882352941177,0.12941176470588237
RedHat,ENTESB,13529,13077,452,0.96659028753049,0.03340971246950994
RedHat,NETOBSERV,110,59,51,0.5363636363636364,0.4636363636363636
RedHat,OSASINFRA,528,349,179,0.6609848484848485,0.3390151515151515
RedHat,SNOWDROP,120,109,11,0.9083333333333333,0.09166666666666666
RedHat,JBESB,3890,3453,437,0.8876606683804628,0.11233933161953727
RedHat,HAWKULAR,1309,1244,65,0.9503437738731857,0.04965622612681436
RedHat,SRVKP,664,370,294,0.5572289156626506,0.4427710843373494
RedHat,OBSDA,30,1,29,0.03333333333333333,0.9666666666666667
RedHat,RDO,12,6,6,0.5,0.5
RedHat,STXM,18,13,5,0.7222222222222222,0.2777777777777778
RedHat,JBMETA,418,376,42,0.8995215311004785,0.10047846889952153
RedHat,OSSMDOC,417,164,253,0.3932853717026379,0.6067146282973621
RedHat,FUSETOOLS,3341,2749,592,0.8228075426519006,0.17719245734809938
RedHat,LOGMGR,273,234,39,0.8571428571428571,0.14285714285714285
RedHat,PD,319,183,136,0.5736677115987461,0.4263322884012539
RedHat,CMP,271,182,89,0.6715867158671587,0.3284132841328413
RedHat,OSPK8,114,54,60,0.47368421052631576,0.5263157894736842
RedHat,ODC,1406,1217,189,0.8655761024182077,0.13442389758179232
RedHat,CDI,737,737,0,1.0,0.0
RedHat,WFNC,61,51,10,0.8360655737704918,0.16393442622950818
RedHat,EAPDOC,2,1,1,0.5,0.5
RedHat,QUARKUS,748,620,128,0.8288770053475936,0.1711229946524064
RedHat,JDF,814,741,73,0.9103194103194103,0.08968058968058969
RedHat,ASA,1,0,1,0.0,1.0
RedHat,JBEE,243,227,16,0.934156378600823,0.06584362139917696
RedHat,JBNAME,61,49,12,0.8032786885245902,0.19672131147540983
RedHat,JANDEX,48,42,6,0.875,0.125
RedHat,SWSQE,1299,1148,151,0.8837567359507313,0.11624326404926867
RedHat,UX,19,13,6,0.6842105263157895,0.3157894736842105
RedHat,HAC,376,122,254,0.324468085106383,0.675531914893617
RedHat,ERT,694,538,156,0.7752161383285303,0.22478386167146974
RedHat,ENTVTX,153,149,4,0.9738562091503268,0.026143790849673203
RedHat,JBERET,522,423,99,0.8103448275862069,0.1896551724137931
RedHat,JBJCA,1399,1355,44,0.9685489635453896,0.031451036454610434
RedHat,REM3,367,340,27,0.9264305177111717,0.07356948228882834
RedHat,JBADMCON,142,75,67,0.528169014084507,0.47183098591549294
RedHat,BXMSDOC,3589,3419,170,0.9526330454165506,0.04736695458344943
RedHat,FORGE,2634,2326,308,0.8830675778283978,0.11693242217160213
RedHat,DESIGN,1765,1653,112,0.9365439093484419,0.06345609065155808
RedHat,TRACING,1467,1370,97,0.9338786639400136,0.06612133605998637
RedHat,MP,3,3,0,1.0,0.0
RedHat,WFK2,610,602,8,0.9868852459016394,0.013114754098360656
RedHat,DROOLS,6087,5171,916,0.8495153606045671,0.15048463939543288
RedHat,WFCORE,5054,4495,559,0.8893945389790265,0.11060546102097349
RedHat,KATA,1106,712,394,0.64376130198915,0.3562386980108499
RedHat,NEXUS,336,315,21,0.9375,0.0625
RedHat,AL,1,0,1,0.0,1.0
RedHat,JBSSO,55,29,26,0.5272727272727272,0.4727272727272727
RedHat,HIVE,340,238,102,0.7,0.3
RedHat,NOTIF,410,301,109,0.7341463414634146,0.2658536585365854
RedHat,APIMAN,1333,916,417,0.687171792948237,0.31282820705176295
RedHat,CLOUD,2226,1870,356,0.8400718778077269,0.15992812219227315
RedHat,RHDEVDOCS,2486,2122,364,0.8535800482703138,0.14641995172968625
RedHat,DBZ,4241,3504,737,0.826220231077576,0.17377976892242394
RedHat,NE,167,103,64,0.6167664670658682,0.38323353293413176
RedHat,OPENJDK,347,257,90,0.7406340057636888,0.25936599423631124
RedHat,ENTMQMAAS,2202,1824,378,0.8283378746594006,0.17166212534059946
RedHat,MODE,2679,2631,48,0.9820828667413214,0.01791713325867861
RedHat,ORG,1850,1821,29,0.9843243243243244,0.015675675675675675
RedHat,TEIIDWEBCN,45,44,1,0.9777777777777777,0.022222222222222223
RedHat,KOGITO,6347,4849,1498,0.7639829840869702,0.2360170159130298
RedHat,JBEWS,319,319,0,1.0,0.0
RedHat,ILSLED,3,0,3,0.0,1.0
RedHat,HRJS,89,66,23,0.7415730337078652,0.25842696629213485
RedHat,OCPCLOUD,255,142,113,0.5568627450980392,0.44313725490196076
RedHat,AMQDOC,751,578,173,0.7696404793608522,0.2303595206391478
RedHat,AESH,491,473,18,0.9633401221995926,0.03665987780040733
RedHat,FAB,60,40,20,0.6666666666666666,0.3333333333333333
RedHat,GRPA,231,196,35,0.8484848484848485,0.15151515151515152
RedHat,CDK,411,354,57,0.8613138686131386,0.1386861313868613
RedHat,CPDEVOPS,117,84,33,0.717948717948718,0.28205128205128205
RedHat,PROJQUAY,2455,1765,690,0.7189409368635438,0.28105906313645623
RedHat,RHBZ,13,3,10,0.23076923076923078,0.7692307692307693
RedHat,TS,1,0,1,0.0,1.0
RedHat,SWITCHYARD,3015,2528,487,0.8384742951907131,0.1615257048092869
RedHat,PLINK,723,669,54,0.9253112033195021,0.07468879668049792
RedHat,SOA,3116,3110,6,0.9980744544287549,0.0019255455712451862
RedHat,JBCS,622,550,72,0.8842443729903537,0.1157556270096463
RedHat,ERRAI,1104,962,142,0.8713768115942029,0.1286231884057971
RedHat,ETCD,69,40,29,0.5797101449275363,0.42028985507246375
RedHat,OCPNODE,241,99,142,0.4107883817427386,0.5892116182572614
RedHat,CHE,299,277,22,0.9264214046822743,0.07357859531772576
RedHat,MBT,79,17,62,0.21518987341772153,0.7848101265822784
RedHat,SB,1319,1211,108,0.9181197877179682,0.08188021228203184
RedHat,RHOSPDOC,134,80,54,0.5970149253731343,0.40298507462686567
RedHat,JWS,930,862,68,0.9268817204301075,0.07311827956989247
RedHat,CORS,244,122,122,0.5,0.5
RedHat,CNRDOC,53,23,30,0.4339622641509434,0.5660377358490566
RedHat,JBEAP,17102,16072,1030,0.9397731259501813,0.06022687404981873
RedHat,IR,93,37,56,0.3978494623655914,0.6021505376344086
RedHat,AF,2696,1931,765,0.716246290801187,0.28375370919881304
RedHat,COVIDSAFE,326,300,26,0.9202453987730062,0.07975460122699386
RedHat,WFLY,12984,11679,1305,0.8994916820702403,0.1005083179297597
RedHat,UNDERTOW,1780,1585,195,0.8904494382022472,0.10955056179775281
RedHat,RIFTSAW,554,499,55,0.9007220216606499,0.09927797833935018
RedHat,MODULES,396,351,45,0.8863636363636364,0.11363636363636363
RedHat,ISPN,12829,11012,1817,0.8583677605425208,0.14163223945747916
RedHat,APPDUX,842,842,0,1.0,0.0
RedHat,JBTM,3483,3214,269,0.9227677289692794,0.07723227103072064
RedHat,LOG,830,553,277,0.6662650602409639,0.3337349397590361
RedHat,SECDATA,7,5,2,0.7142857142857143,0.2857142857142857
RedHat,JDG,1710,1642,68,0.960233918128655,0.03976608187134503
RedHat,THORN,2467,2467,0,1.0,0.0
RedHat,ENTSBT,456,365,91,0.8004385964912281,0.19956140350877194
RedHat,DEVSECOPS,65,35,30,0.5384615384615384,0.46153846153846156
RedHat,WEJBHTTP,60,52,8,0.8666666666666667,0.13333333333333333
RedHat,HRCPP,488,441,47,0.9036885245901639,0.09631147540983606
RedHat,CC,1,0,1,0.0,1.0
RedHat,RHPAM,2886,2565,321,0.8887733887733887,0.11122661122661123
RedHat,JBIDE,27295,26045,1250,0.9542040666788789,0.045795933321121085
RedHat,APPAI,337,297,40,0.8813056379821959,0.11869436201780416
RedHat,FH,2235,2191,44,0.9803131991051454,0.019686800894854587
RedHat,DASHBUILDE,212,169,43,0.7971698113207547,0.2028301886792453
RedHat,ELY,2110,1860,250,0.8815165876777251,0.11848341232227488
RedHat,MIG,382,184,198,0.4816753926701571,0.518324607329843
RedHat,TEIIDSB,207,199,8,0.961352657004831,0.03864734299516908
RedHat,WRKLDS,102,49,53,0.4803921568627451,0.5196078431372549
RedHat,WFARQ,100,88,12,0.88,0.12
RedHat,POL,495,451,44,0.9111111111111111,0.08888888888888889
RedHat,DEVEX,89,33,56,0.3707865168539326,0.6292134831460674
RedHat,ENTMQCL,440,360,80,0.8181818181818182,0.18181818181818182
RedHat,SPLAT,195,120,75,0.6153846153846154,0.38461538461538464
RedHat,SHRINKWRAP,465,403,62,0.8666666666666667,0.13333333333333333
RedHat,USMINT,110,34,76,0.3090909090909091,0.6909090909090909
RedHat,API,104,45,59,0.4326923076923077,0.5673076923076923
RedHat,WINC,147,71,76,0.48299319727891155,0.5170068027210885
RedHat,OLM,314,174,140,0.554140127388535,0.445859872611465
RedHat,FUSEJON,139,132,7,0.9496402877697842,0.050359712230215826
RedHat,CMTOOL,314,301,13,0.9585987261146497,0.041401273885350316
RedHat,MSC,244,235,9,0.9631147540983607,0.036885245901639344
RedHat,LOGTOOL,148,146,2,0.9864864864864865,0.013513513513513514
RedHat,OSDK,497,319,178,0.641851106639839,0.358148893360161
RedHat,WINDUP,3035,2489,546,0.8200988467874794,0.1799011532125206
RedHat,TEIIDDES,3099,3099,0,1.0,0.0
RedHat,MAISTRA,2299,2044,255,0.8890822096563723,0.11091779034362767
RedHat,TEIID,5769,5683,86,0.9850927370428151,0.014907262957184954
RedHat,KUADRANT,6,0,6,0.0,1.0
RedHat,TEST,181,150,31,0.8287292817679558,0.1712707182320442
RedHat,THREESCALE,4658,3639,1019,0.7812365822241305,0.21876341777586947
RedHat,JBPM,9084,7361,1723,0.8103258476442096,0.1896741523557904
RedHat,SECURITY,959,827,132,0.862356621480709,0.13764337851929093
RedHat,CGW,555,533,22,0.9603603603603603,0.03963963963963964
RedHat,RHD,459,351,108,0.7647058823529411,0.23529411764705882
RedHat,GITOPS,611,364,247,0.5957446808510638,0.40425531914893614
RedHat,AA,615,404,211,0.656910569105691,0.34308943089430893
RedHat,IPROTO,217,134,83,0.6175115207373272,0.3824884792626728
RedHat,ENTMQIC,838,683,155,0.815035799522673,0.18496420047732698
RedHat,WFDISC,36,30,6,0.8333333333333334,0.16666666666666666
RedHat,EJBTHREE,2190,1764,426,0.8054794520547945,0.19452054794520549
RedHat,JBDS,4221,4070,151,0.9642264866145464,0.03577351338545368
RedHat,WFCC,38,16,22,0.42105263157894735,0.5789473684210527
RedHat,RHBRMS,2400,2383,17,0.9929166666666667,0.007083333333333333
RedHat,OCPPLAN,1291,754,537,0.5840433772269559,0.4159566227730441
RedHat,MON,728,462,266,0.6346153846153846,0.36538461538461536
RedHat,KEYCLOAK,15564,14556,1008,0.9352351580570547,0.06476484194294525
RedHat,ARMOCP,96,10,86,0.10416666666666667,0.8958333333333334
RedHat,AS7,5427,5427,0,1.0,0.0
RedHat,ENTMQ,1473,1469,4,0.9972844534962662,0.0027155465037338763
RedHat,ARQ,2168,1706,462,0.7869003690036901,0.21309963099630996
RedHat,JBRULES,3056,2648,408,0.8664921465968587,0.13350785340314136
RedHat,DEVELOPER,5425,5250,175,0.967741935483871,0.03225806451612903
RedHat,SDN,879,539,340,0.6131968145620023,0.38680318543799774
RedHat,OTA,240,144,96,0.6,0.4
RedHat,MORFE,2,0,2,0.0,1.0
RedHat,CONSOLE,598,283,315,0.47324414715719065,0.5267558528428093
RedHat,PLANNER,2540,2000,540,0.7874015748031497,0.2125984251968504
RedHat,ELYEE,6,3,3,0.5,0.5
RedHat,RHBPMS,4026,3986,40,0.9900645802285146,0.009935419771485345
RedHat,RHECLIPSE,23,20,3,0.8695652173913043,0.13043478260869565
RedHat,WELD,2576,2474,102,0.9604037267080745,0.039596273291925464
RedHat,WINDUPRULE,765,557,208,0.7281045751633987,0.2718954248366013
RedHat,KIECLOUD,524,477,47,0.9103053435114504,0.08969465648854962
RedHat,JBLOGGING,108,100,8,0.9259259259259259,0.07407407407407407
RedHat,BPMC,91,74,17,0.8131868131868132,0.18681318681318682
RedHat,JBMAR,220,204,16,0.9272727272727272,0.07272727272727272
RedHat,WFMP,134,127,7,0.9477611940298507,0.05223880597014925
RedHat,RHMWINT,141,100,41,0.7092198581560284,0.2907801418439716
RedHat,MULTIARCH,915,656,259,0.7169398907103826,0.2830601092896175
RedHat,WTO,112,73,39,0.6517857142857143,0.3482142857142857
RedHat,ESSC,14,14,0,1.0,0.0
RedHat,VAFSC,1,0,1,0.0,1.0
RedHat,EJBCLIENT,381,336,45,0.8818897637795275,0.11811023622047244
RedHat,JBAS,8394,8094,300,0.9642601858470335,0.035739814152966405
RedHat,ENTMQBR,3720,2857,863,0.7680107526881721,0.23198924731182796
RedHat,XNIO,369,328,41,0.8888888888888888,0.1111111111111111
RedHat,HAL,1601,1497,104,0.9350405996252342,0.06495940037476577
RedHat,RUN,170,100,70,0.5882352941176471,0.4117647058823529
RedHat,WFCOM,62,55,7,0.8870967741935484,0.11290322580645161
RedHat,OSJC,283,256,27,0.9045936395759717,0.09540636042402827
RedHat,MC,20,20,0,1.0,0.0
RedHat,WFSSL,81,68,13,0.8395061728395061,0.16049382716049382
RedHat,HOSTEDCP,275,196,79,0.7127272727272728,0.2872727272727273
RedHat,WFWIP,278,262,16,0.9424460431654677,0.05755395683453238
RedHat,RHDM,1260,1165,95,0.9246031746031746,0.07539682539682539
RedHat,HELM,278,174,104,0.6258992805755396,0.37410071942446044
RedHat,ACM,131,12,119,0.0916030534351145,0.9083969465648855
RedHat,DMR,39,34,5,0.8717948717948718,0.1282051282051282
RedHat,HOR,59,31,28,0.5254237288135594,0.4745762711864407
RedHat,COST,1932,1111,821,0.5750517598343685,0.4249482401656315
RedHat,ENTMQST,2482,2178,304,0.8775181305398871,0.12248186946011282
RedHat,OSSM,424,239,185,0.5636792452830188,0.4363207547169811
RedHat,CMCS,4,2,2,0.5,0.5
RedHat,TEIIDWEBTL,36,16,20,0.4444444444444444,0.5555555555555556
RedHat,JBWS,3845,3789,56,0.9854356306892068,0.014564369310793237
RedHat,SHRINKRES,301,252,49,0.8372093023255814,0.16279069767441862
RedHat,BYTEMAN,413,391,22,0.9467312348668281,0.053268765133171914
RedHat,FUSEDOC,233,217,16,0.9313304721030042,0.06866952789699571
Sakai,A11YTEST,4,3,1,0.75,0.25
Sakai,XSDW,25,16,9,0.64,0.36
Sakai,ELLUM,26,0,26,0.0,1.0
Sakai,WIC,12,5,7,0.4166666666666667,0.5833333333333334
Sakai,ADMX,14,7,7,0.5,0.5
Sakai,RPLAY,24,24,0,1.0,0.0
Sakai,SM,23,22,1,0.9565217391304348,0.043478260869565216
Sakai,QNA,226,199,27,0.8805309734513275,0.11946902654867257
Sakai,POH,17,17,0,1.0,0.0
Sakai,NFS,64,59,5,0.921875,0.078125
Sakai,MARCH,6,4,2,0.6666666666666666,0.3333333333333333
Sakai,CNFV,21,17,4,0.8095238095238095,0.19047619047619047
Sakai,EVALPORT,9,2,7,0.2222222222222222,0.7777777777777778
Sakai,QUALTRICS,260,260,0,1.0,0.0
Sakai,PROD,372,0,372,0.0,1.0
Sakai,LAI,21,20,1,0.9523809523809523,0.047619047619047616
Sakai,TRINITY,38,3,35,0.07894736842105263,0.9210526315789473
Sakai,TIME,75,37,38,0.49333333333333335,0.5066666666666667
Sakai,MRKUP,17,11,6,0.6470588235294118,0.35294117647058826
Sakai,SMP,28,28,0,1.0,0.0
Sakai,SCO,178,164,14,0.9213483146067416,0.07865168539325842
Sakai,SLIB,111,77,34,0.6936936936936937,0.3063063063063063
Sakai,SKE,250,208,42,0.832,0.168
Sakai,MAW,15,15,0,1.0,0.0
Sakai,TII,250,228,22,0.912,0.088
Sakai,CC,18,17,1,0.9444444444444444,0.05555555555555555
Sakai,IQ,6,0,6,0.0,1.0
Sakai,WCON,9,5,4,0.5555555555555556,0.4444444444444444
Sakai,BW,167,130,37,0.7784431137724551,0.2215568862275449
Sakai,YAFT,77,64,13,0.8311688311688312,0.16883116883116883
Sakai,FARM,39,3,36,0.07692307692307693,0.9230769230769231
Sakai,TXB,222,188,34,0.8468468468468469,0.15315315315315314
Sakai,RSV,27,10,17,0.37037037037037035,0.6296296296296297
Sakai,RSF,18,17,1,0.9444444444444444,0.05555555555555555
Sakai,SMS,296,271,25,0.9155405405405406,0.08445945945945946
Sakai,MAPS,33,25,8,0.7575757575757576,0.24242424242424243
Sakai,EVALSYS,1577,1347,230,0.8541534559289791,0.14584654407102093
Sakai,DOCS,39,6,33,0.15384615384615385,0.8461538461538461
Sakai,DASH,400,322,78,0.805,0.195
Sakai,SAKORA,16,16,0,1.0,0.0
Sakai,OCW,12,12,0,1.0,0.0
Sakai,LAMS,10,10,0,1.0,0.0
Sakai,SOU,5,1,4,0.2,0.8
Sakai,ITU,22,16,6,0.7272727272727273,0.2727272727272727
Sakai,SAK,43351,39086,4265,0.9016170330557542,0.09838296694424581
Sakai,HPT,15,13,2,0.8666666666666667,0.13333333333333333
Sakai,GM,145,100,45,0.6896551724137931,0.3103448275862069
Sakai,GAL,111,89,22,0.8018018018018018,0.1981981981981982
Sakai,CLOG,195,143,52,0.7333333333333333,0.26666666666666666
Sakai,BBB,159,143,16,0.89937106918239,0.10062893081761007
Sakai,CHK,48,44,4,0.9166666666666666,0.08333333333333333
Sakai,GRBK,1433,1057,376,0.7376133984647593,0.26238660153524074
Sakai,DAO,14,11,3,0.7857142857142857,0.21428571428571427
SecondLife,OPEN,320,162,158,0.50625,0.49375
SecondLife,STORM,1547,1471,76,0.9508726567550096,0.0491273432449903
Sonatype,NEXUS,10607,9433,1174,0.8893183746582446,0.11068162534175545
Sonatype,OSSRH,74960,72193,2767,0.9630869797225187,0.03691302027748132
Sonatype,OSSIPUB,26,6,20,0.23076923076923078,0.7692307692307693
Sonatype,DX,50,5,45,0.1,0.9
Sonatype,MVNCENTRAL,1641,1640,1,0.9993906154783668,0.0006093845216331506
Spring,SOCIALGH,5,2,3,0.4,0.6
Spring,SOCIALLI,40,33,7,0.825,0.175
Spring,SETHREADNET,35,18,17,0.5142857142857142,0.4857142857142857
Spring,SPR,17413,15938,1475,0.9152931717682191,0.08470682823178086
Spring,SES,173,173,0,1.0,0.0
Spring,SE,8,1,7,0.125,0.875
Spring,SJC,239,239,0,1.0,0.0
Spring,SGF,917,891,26,0.9716466739367503,0.028353326063249727
Spring,SESURF,113,69,44,0.6106194690265486,0.3893805309734513
Spring,SESPRINGINTEGRATIONNET,3,0,3,0.0,1.0
Spring,DATAGEODE,392,330,62,0.8418367346938775,0.15816326530612246
Spring,SEC,3150,3150,0,1.0,0.0
Spring,DATACOUCH,676,560,116,0.8284023668639053,0.17159763313609466
Spring,DATAES,1003,952,51,0.9491525423728814,0.05084745762711865
Spring,SHL,186,133,53,0.7150537634408602,0.2849462365591398
Spring,SPRNETSOCIALTW,12,9,3,0.75,0.25
Spring,SESIA,30,24,6,0.8,0.2
Spring,INTEXT,229,203,26,0.8864628820960698,0.11353711790393013
Spring,DATASOLR,615,475,140,0.7723577235772358,0.22764227642276422
Spring,SENMSNET,1,0,1,0.0,1.0
Spring,DATAMONGO,2590,2215,375,0.8552123552123552,0.14478764478764478
Spring,DATAJPA,1687,1490,197,0.8832246591582691,0.11677534084173088
Spring,SPRNET,1537,1320,217,0.8588158750813273,0.14118412491867274
Spring,DATAAERO,1,0,1,0.0,1.0
Spring,MOD,504,310,194,0.6150793650793651,0.38492063492063494
Spring,SOCIALFB,198,142,56,0.7171717171717171,0.2828282828282828
Spring,SOCIALTW,86,73,13,0.8488372093023255,0.1511627906976744
Spring,DATACOL,2,0,2,0.0,1.0
Spring,SEDBFO,33,21,12,0.6363636363636364,0.36363636363636365
Spring,SECOAUTH,438,428,10,0.9771689497716894,0.0228310502283105
Spring,GREENHOUSE,559,366,193,0.6547406082289803,0.34525939177101966
Spring,SWS,1041,891,150,0.8559077809798271,0.1440922190201729
Spring,BATCHADM,233,172,61,0.7381974248927039,0.26180257510729615
Spring,OSGI,815,734,81,0.9006134969325154,0.09938650306748466
Spring,BATCH,2598,2239,359,0.8618167821401078,0.13818321785989224
Spring,SPRNETSOCIAL,8,2,6,0.25,0.75
Spring,SESPRINGPYTHONPY,166,163,3,0.9819277108433735,0.018072289156626505
Spring,DATARIAK,6,3,3,0.5,0.5
Spring,ANDROID,165,145,20,0.8787878787878788,0.12121212121212122
Spring,SCALA,18,11,7,0.6111111111111112,0.3888888888888889
Spring,AMQP,834,818,16,0.9808153477218226,0.019184652278177457
Spring,INT,4494,4357,137,0.9695149087672452,0.030485091232754783
Spring,SWF,1668,1209,459,0.7248201438848921,0.2751798561151079
Spring,SPRNETVSADDIN,12,4,8,0.3333333333333333,0.6666666666666666
Spring,SLICE,101,76,25,0.7524752475247525,0.24752475247524752
Spring,SOCIAL,450,311,139,0.6911111111111111,0.3088888888888889
Spring,SEWORKFLOW,5,2,3,0.4,0.6
Spring,DATACMNS,1781,1574,207,0.8837731611454239,0.11622683885457608
Spring,DATALDAP,187,176,11,0.9411764705882353,0.058823529411764705
Spring,SMA,28,25,3,0.8928571428571429,0.10714285714285714
Spring,SEJCR,23,19,4,0.8260869565217391,0.17391304347826086
Spring,SHDP,583,495,88,0.8490566037735849,0.1509433962264151
Spring,INFRA,49,49,0,1.0,0.0
Spring,SPS,7,0,7,0.0,1.0
Spring,STS,4407,4407,0,1.0,0.0
Spring,SPRNETCODECONFIG,7,7,0,1.0,0.0
Spring,DATAKV,261,242,19,0.9272030651340997,0.07279693486590039
Spring,SESPRINGACTIONSCRIPTAS,145,112,33,0.7724137931034483,0.22758620689655173
Spring,DATAGRAPH,1465,1402,63,0.9569965870307168,0.043003412969283276
Spring,SPRNETSOCIALLI,8,5,3,0.625,0.375
Spring,DATAJDBC,610,493,117,0.8081967213114755,0.1918032786885246
Spring,SESQLJ,1,0,1,0.0,1.0
Spring,XD,3707,3046,661,0.8216886970596169,0.17831130294038305
Spring,DATAREST,1565,862,703,0.5507987220447285,0.44920127795527154
Spring,IDE,1386,1386,0,1.0,0.0
Spring,SPRNETREST,36,33,3,0.9166666666666666,0.08333333333333333
Spring,RCP,632,514,118,0.8132911392405063,0.18670886075949367
Spring,DATAREDIS,1257,1146,111,0.9116945107398569,0.0883054892601432
Spring,ROOFLEX,51,29,22,0.5686274509803921,0.43137254901960786
Spring,DATACASS,826,792,34,0.9588377723970944,0.04116222760290557
Spring,SPRNETSOCIALDB,11,9,2,0.8181818181818182,0.18181818181818182
Spring,SGFNET,24,19,5,0.7916666666666666,0.20833333333333334
Spring,ROO,3987,3452,535,0.8658138951592677,0.13418610484073237
Spring,MOBILE,113,99,14,0.8761061946902655,0.12389380530973451
Spring,DATAMAP,3,0,3,0.0,1.0
Spring,SECONFIGNET,4,0,4,0.0,1.0
Spring,INTSAMPLES,150,125,25,0.8333333333333334,0.16666666666666666
Spring,DATAHB,4,0,4,0.0,1.0
Spring,SEBLOB,9,4,5,0.4444444444444444,0.5555555555555556
Spring,LDAP,340,340,0,1.0,0.0
